k,diff-to-upper-bound
1,1.1875
2,1.75
3,1.1875
4,1.3125
5,1.75
6,1.6875
7,1.1875
8,1.3125
9,1.4375
10,1.5
11,1.75
12,1.71875
13,1.6875
14,1.65625
15,1.1875
16,1.28125
17,1.375
18,1.4375
19,1.5
20,1.53125
21,1.5625
22,1.59375
23,1.75
24,1.734375
25,1.71875
26,1.703125
27,1.6875
28,1.671875
29,1.65625
30,1.640625
31,1.1875
32,1.25
33,1.3125
34,1.359375
35,1.40625
36,1.4375
37,1.46875
38,1.5
39,1.53125
40,1.546875
41,1.5625
42,1.578125
43,1.59375
44,1.609375
45,1.625
46,1.640625
47,1.75
48,1.7421875
49,1.734375
50,1.7265625
51,1.71875
52,1.7109375
53,1.703125
54,1.6953125
55,1.6875
56,1.6796875
57,1.671875
58,1.6640625
59,1.65625
60,1.6484375
61,1.640625
62,1.6328125
63,1.1875
64,1.2265625
65,1.265625
66,1.296875
67,1.328125
68,1.3515625
69,1.375
70,1.3984375
71,1.421875
72,1.4375
73,1.453125
74,1.46875
75,1.484375
76,1.5
77,1.515625
78,1.53125
79,1.546875
80,1.5546875
81,1.5625
82,1.5703125
83,1.578125
84,1.5859375
85,1.59375
86,1.6015625
87,1.609375
88,1.6171875
89,1.625
90,1.6328125
91,1.640625
92,1.6484375
93,1.65625
94,1.6640625
95,1.75
96,1.74609375
97,1.7421875
98,1.73828125
99,1.734375
100,1.73046875
101,1.7265625
102,1.72265625
103,1.71875
104,1.71484375
105,1.7109375
106,1.70703125
107,1.703125
108,1.69921875
109,1.6953125
110,1.69140625
111,1.6875
112,1.68359375
113,1.6796875
114,1.67578125
115,1.671875
116,1.66796875
117,1.6640625
118,1.66015625
119,1.65625
120,1.65234375
121,1.6484375
122,1.64453125
123,1.640625
124,1.63671875
125,1.6328125
126,1.62890625
127,1.1875
128,1.2109375
129,1.234375
130,1.25390625
131,1.2734375
132,1.2890625
133,1.3046875
134,1.3203125
135,1.3359375
136,1.34765625
137,1.359375
138,1.37109375
139,1.3828125
140,1.39453125
141,1.40625
142,1.41796875
143,1.4296875
144,1.4375
145,1.4453125
146,1.453125
147,1.4609375
148,1.46875
149,1.4765625
150,1.484375
151,1.4921875
152,1.5
153,1.5078125
154,1.515625
155,1.5234375
156,1.53125
157,1.5390625
158,1.546875
159,1.5546875
160,1.55859375
161,1.5625
162,1.56640625
163,1.5703125
164,1.57421875
165,1.578125
166,1.58203125
167,1.5859375
168,1.58984375
169,1.59375
170,1.59765625
171,1.6015625
172,1.60546875
173,1.609375
174,1.61328125
175,1.6171875
176,1.62109375
177,1.625
178,1.62890625
179,1.6328125
180,1.63671875
181,1.640625
182,1.64453125
183,1.6484375
184,1.65234375
185,1.65625
186,1.66015625
187,1.6640625
188,1.66796875
189,1.671875
190,1.67578125
191,1.75
192,1.748046875
193,1.74609375
194,1.744140625
195,1.7421875
196,1.740234375
197,1.73828125
198,1.736328125
199,1.734375
200,1.732421875
201,1.73046875
202,1.728515625
203,1.7265625
204,1.724609375
205,1.72265625
206,1.720703125
207,1.71875
208,1.716796875
209,1.71484375
210,1.712890625
211,1.7109375
212,1.708984375
213,1.70703125
214,1.705078125
215,1.703125
216,1.701171875
217,1.69921875
218,1.697265625
219,1.6953125
220,1.693359375
221,1.69140625
222,1.689453125
223,1.6875
224,1.685546875
225,1.68359375
226,1.681640625
227,1.6796875
228,1.677734375
229,1.67578125
230,1.673828125
231,1.671875
232,1.669921875
233,1.66796875
234,1.666015625
235,1.6640625
236,1.662109375
237,1.66015625
238,1.658203125
239,1.65625
240,1.654296875
241,1.65234375
242,1.650390625
243,1.6484375
244,1.646484375
245,1.64453125
246,1.642578125
247,1.640625
248,1.638671875
249,1.63671875
250,1.634765625
251,1.6328125
252,1.630859375
253,1.62890625
254,1.626953125
255,1.1875
256,1.201171875
257,1.21484375
258,1.2265625
259,1.23828125
260,1.248046875
261,1.2578125
262,1.267578125
263,1.27734375
264,1.28515625
265,1.29296875
266,1.30078125
267,1.30859375
268,1.31640625
269,1.32421875
270,1.33203125
271,1.33984375
272,1.345703125
273,1.3515625
274,1.357421875
275,1.36328125
276,1.369140625
277,1.375
278,1.380859375
279,1.38671875
280,1.392578125
281,1.3984375
282,1.404296875
283,1.41015625
284,1.416015625
285,1.421875
286,1.427734375
287,1.43359375
288,1.4375
289,1.44140625
290,1.4453125
291,1.44921875
292,1.453125
293,1.45703125
294,1.4609375
295,1.46484375
296,1.46875
297,1.47265625
298,1.4765625
299,1.48046875
300,1.484375
301,1.48828125
302,1.4921875
303,1.49609375
304,1.5
305,1.50390625
306,1.5078125
307,1.51171875
308,1.515625
309,1.51953125
310,1.5234375
311,1.52734375
312,1.53125
313,1.53515625
314,1.5390625
315,1.54296875
316,1.546875
317,1.55078125
318,1.5546875
319,1.55859375
320,1.560546875
321,1.5625
322,1.564453125
323,1.56640625
324,1.568359375
325,1.5703125
326,1.572265625
327,1.57421875
328,1.576171875
329,1.578125
330,1.580078125
331,1.58203125
332,1.583984375
333,1.5859375
334,1.587890625
335,1.58984375
336,1.591796875
337,1.59375
338,1.595703125
339,1.59765625
340,1.599609375
341,1.6015625
342,1.603515625
343,1.60546875
344,1.607421875
345,1.609375
346,1.611328125
347,1.61328125
348,1.615234375
349,1.6171875
350,1.619140625
351,1.62109375
352,1.623046875
353,1.625
354,1.626953125
355,1.62890625
356,1.630859375
357,1.6328125
358,1.634765625
359,1.63671875
360,1.638671875
361,1.640625
362,1.642578125
363,1.64453125
364,1.646484375
365,1.6484375
366,1.650390625
367,1.65234375
368,1.654296875
369,1.65625
370,1.658203125
371,1.66015625
372,1.662109375
373,1.6640625
374,1.666015625
375,1.66796875
376,1.669921875
377,1.671875
378,1.673828125
379,1.67578125
380,1.677734375
381,1.6796875
382,1.681640625
383,1.75
384,1.7490234375
385,1.748046875
386,1.7470703125
387,1.74609375
388,1.7451171875
389,1.744140625
390,1.7431640625
391,1.7421875
392,1.7412109375
393,1.740234375
394,1.7392578125
395,1.73828125
396,1.7373046875
397,1.736328125
398,1.7353515625
399,1.734375
400,1.7333984375
401,1.732421875
402,1.7314453125
403,1.73046875
404,1.7294921875
405,1.728515625
406,1.7275390625
407,1.7265625
408,1.7255859375
409,1.724609375
410,1.7236328125
411,1.72265625
412,1.7216796875
413,1.720703125
414,1.7197265625
415,1.71875
416,1.7177734375
417,1.716796875
418,1.7158203125
419,1.71484375
420,1.7138671875
421,1.712890625
422,1.7119140625
423,1.7109375
424,1.7099609375
425,1.708984375
426,1.7080078125
427,1.70703125
428,1.7060546875
429,1.705078125
430,1.7041015625
431,1.703125
432,1.7021484375
433,1.701171875
434,1.7001953125
435,1.69921875
436,1.6982421875
437,1.697265625
438,1.6962890625
439,1.6953125
440,1.6943359375
441,1.693359375
442,1.6923828125
443,1.69140625
444,1.6904296875
445,1.689453125
446,1.6884765625
447,1.6875
448,1.6865234375
449,1.685546875
450,1.6845703125
451,1.68359375
452,1.6826171875
453,1.681640625
454,1.6806640625
455,1.6796875
456,1.6787109375
457,1.677734375
458,1.6767578125
459,1.67578125
460,1.6748046875
461,1.673828125
462,1.6728515625
463,1.671875
464,1.6708984375
465,1.669921875
466,1.6689453125
467,1.66796875
468,1.6669921875
469,1.666015625
470,1.6650390625
471,1.6640625
472,1.6630859375
473,1.662109375
474,1.6611328125
475,1.66015625
476,1.6591796875
477,1.658203125
478,1.6572265625
479,1.65625
480,1.6552734375
481,1.654296875
482,1.6533203125
483,1.65234375
484,1.6513671875
485,1.650390625
486,1.6494140625
487,1.6484375
488,1.6474609375
489,1.646484375
490,1.6455078125
491,1.64453125
492,1.6435546875
493,1.642578125
494,1.6416015625
495,1.640625
496,1.6396484375
497,1.638671875
498,1.6376953125
499,1.63671875
500,1.6357421875
501,1.634765625
502,1.6337890625
503,1.6328125
504,1.6318359375
505,1.630859375
506,1.6298828125
507,1.62890625
508,1.6279296875
509,1.626953125
510,1.6259765625
511,1.1875
512,1.1953125
513,1.203125
514,1.2099609375
515,1.216796875
516,1.22265625
517,1.228515625
518,1.234375
519,1.240234375
520,1.2451171875
521,1.25
522,1.2548828125
523,1.259765625
524,1.2646484375
525,1.26953125
526,1.2744140625
527,1.279296875
528,1.283203125
529,1.287109375
530,1.291015625
531,1.294921875
532,1.298828125
533,1.302734375
534,1.306640625
535,1.310546875
536,1.314453125
537,1.318359375
538,1.322265625
539,1.326171875
540,1.330078125
541,1.333984375
542,1.337890625
543,1.341796875
544,1.3447265625
545,1.34765625
546,1.3505859375
547,1.353515625
548,1.3564453125
549,1.359375
550,1.3623046875
551,1.365234375
552,1.3681640625
553,1.37109375
554,1.3740234375
555,1.376953125
556,1.3798828125
557,1.3828125
558,1.3857421875
559,1.388671875
560,1.3916015625
561,1.39453125
562,1.3974609375
563,1.400390625
564,1.4033203125
565,1.40625
566,1.4091796875
567,1.412109375
568,1.4150390625
569,1.41796875
570,1.4208984375
571,1.423828125
572,1.4267578125
573,1.4296875
574,1.4326171875
575,1.435546875
576,1.4375
577,1.439453125
578,1.44140625
579,1.443359375
580,1.4453125
581,1.447265625
582,1.44921875
583,1.451171875
584,1.453125
585,1.455078125
586,1.45703125
587,1.458984375
588,1.4609375
589,1.462890625
590,1.46484375
591,1.466796875
592,1.46875
593,1.470703125
594,1.47265625
595,1.474609375
596,1.4765625
597,1.478515625
598,1.48046875
599,1.482421875
600,1.484375
601,1.486328125
602,1.48828125
603,1.490234375
604,1.4921875
605,1.494140625
606,1.49609375
607,1.498046875
608,1.5
609,1.501953125
610,1.50390625
611,1.505859375
612,1.5078125
613,1.509765625
614,1.51171875
615,1.513671875
616,1.515625
617,1.517578125
618,1.51953125
619,1.521484375
620,1.5234375
621,1.525390625
622,1.52734375
623,1.529296875
624,1.53125
625,1.533203125
626,1.53515625
627,1.537109375
628,1.5390625
629,1.541015625
630,1.54296875
631,1.544921875
632,1.546875
633,1.548828125
634,1.55078125
635,1.552734375
636,1.5546875
637,1.556640625
638,1.55859375
639,1.560546875
640,1.5615234375
641,1.5625
642,1.5634765625
643,1.564453125
644,1.5654296875
645,1.56640625
646,1.5673828125
647,1.568359375
648,1.5693359375
649,1.5703125
650,1.5712890625
651,1.572265625
652,1.5732421875
653,1.57421875
654,1.5751953125
655,1.576171875
656,1.5771484375
657,1.578125
658,1.5791015625
659,1.580078125
660,1.5810546875
661,1.58203125
662,1.5830078125
663,1.583984375
664,1.5849609375
665,1.5859375
666,1.5869140625
667,1.587890625
668,1.5888671875
669,1.58984375
670,1.5908203125
671,1.591796875
672,1.5927734375
673,1.59375
674,1.5947265625
675,1.595703125
676,1.5966796875
677,1.59765625
678,1.5986328125
679,1.599609375
680,1.6005859375
681,1.6015625
682,1.6025390625
683,1.603515625
684,1.6044921875
685,1.60546875
686,1.6064453125
687,1.607421875
688,1.6083984375
689,1.609375
690,1.6103515625
691,1.611328125
692,1.6123046875
693,1.61328125
694,1.6142578125
695,1.615234375
696,1.6162109375
697,1.6171875
698,1.6181640625
699,1.619140625
700,1.6201171875
701,1.62109375
702,1.6220703125
703,1.623046875
704,1.6240234375
705,1.625
706,1.6259765625
707,1.626953125
708,1.6279296875
709,1.62890625
710,1.6298828125
711,1.630859375
712,1.6318359375
713,1.6328125
714,1.6337890625
715,1.634765625
716,1.6357421875
717,1.63671875
718,1.6376953125
719,1.638671875
720,1.6396484375
721,1.640625
722,1.6416015625
723,1.642578125
724,1.6435546875
725,1.64453125
726,1.6455078125
727,1.646484375
728,1.6474609375
729,1.6484375
730,1.6494140625
731,1.650390625
732,1.6513671875
733,1.65234375
734,1.6533203125
735,1.654296875
736,1.6552734375
737,1.65625
738,1.6572265625
739,1.658203125
740,1.6591796875
741,1.66015625
742,1.6611328125
743,1.662109375
744,1.6630859375
745,1.6640625
746,1.6650390625
747,1.666015625
748,1.6669921875
749,1.66796875
750,1.6689453125
751,1.669921875
752,1.6708984375
753,1.671875
754,1.6728515625
755,1.673828125
756,1.6748046875
757,1.67578125
758,1.6767578125
759,1.677734375
760,1.6787109375
761,1.6796875
762,1.6806640625
763,1.681640625
764,1.6826171875
765,1.68359375
766,1.6845703125
767,1.75
768,1.74951171875
769,1.7490234375
770,1.74853515625
771,1.748046875
772,1.74755859375
773,1.7470703125
774,1.74658203125
775,1.74609375
776,1.74560546875
777,1.7451171875
778,1.74462890625
779,1.744140625
780,1.74365234375
781,1.7431640625
782,1.74267578125
783,1.7421875
784,1.74169921875
785,1.7412109375
786,1.74072265625
787,1.740234375
788,1.73974609375
789,1.7392578125
790,1.73876953125
791,1.73828125
792,1.73779296875
793,1.7373046875
794,1.73681640625
795,1.736328125
796,1.73583984375
797,1.7353515625
798,1.73486328125
799,1.734375
800,1.73388671875
801,1.7333984375
802,1.73291015625
803,1.732421875
804,1.73193359375
805,1.7314453125
806,1.73095703125
807,1.73046875
808,1.72998046875
809,1.7294921875
810,1.72900390625
811,1.728515625
812,1.72802734375
813,1.7275390625
814,1.72705078125
815,1.7265625
816,1.72607421875
817,1.7255859375
818,1.72509765625
819,1.724609375
820,1.72412109375
821,1.7236328125
822,1.72314453125
823,1.72265625
824,1.72216796875
825,1.7216796875
826,1.72119140625
827,1.720703125
828,1.72021484375
829,1.7197265625
830,1.71923828125
831,1.71875
832,1.71826171875
833,1.7177734375
834,1.71728515625
835,1.716796875
836,1.71630859375
837,1.7158203125
838,1.71533203125
839,1.71484375
840,1.71435546875
841,1.7138671875
842,1.71337890625
843,1.712890625
844,1.71240234375
845,1.7119140625
846,1.71142578125
847,1.7109375
848,1.71044921875
849,1.7099609375
850,1.70947265625
851,1.708984375
852,1.70849609375
853,1.7080078125
854,1.70751953125
855,1.70703125
856,1.70654296875
857,1.7060546875
858,1.70556640625
859,1.705078125
860,1.70458984375
861,1.7041015625
862,1.70361328125
863,1.703125
864,1.70263671875
865,1.7021484375
866,1.70166015625
867,1.701171875
868,1.70068359375
869,1.7001953125
870,1.69970703125
871,1.69921875
872,1.69873046875
873,1.6982421875
874,1.69775390625
875,1.697265625
876,1.69677734375
877,1.6962890625
878,1.69580078125
879,1.6953125
880,1.69482421875
881,1.6943359375
882,1.69384765625
883,1.693359375
884,1.69287109375
885,1.6923828125
886,1.69189453125
887,1.69140625
888,1.69091796875
889,1.6904296875
890,1.68994140625
891,1.689453125
892,1.68896484375
893,1.6884765625
894,1.68798828125
895,1.6875
896,1.68701171875
897,1.6865234375
898,1.68603515625
899,1.685546875
900,1.68505859375
901,1.6845703125
902,1.68408203125
903,1.68359375
904,1.68310546875
905,1.6826171875
906,1.68212890625
907,1.681640625
908,1.68115234375
909,1.6806640625
910,1.68017578125
911,1.6796875
912,1.67919921875
913,1.6787109375
914,1.67822265625
915,1.677734375
916,1.67724609375
917,1.6767578125
918,1.67626953125
919,1.67578125
920,1.67529296875
921,1.6748046875
922,1.67431640625
923,1.673828125
924,1.67333984375
925,1.6728515625
926,1.67236328125
927,1.671875
928,1.67138671875
929,1.6708984375
930,1.67041015625
931,1.669921875
932,1.66943359375
933,1.6689453125
934,1.66845703125
935,1.66796875
936,1.66748046875
937,1.6669921875
938,1.66650390625
939,1.666015625
940,1.66552734375
941,1.6650390625
942,1.66455078125
943,1.6640625
944,1.66357421875
945,1.6630859375
946,1.66259765625
947,1.662109375
948,1.66162109375
949,1.6611328125
950,1.66064453125
951,1.66015625
952,1.65966796875
953,1.6591796875
954,1.65869140625
955,1.658203125
956,1.65771484375
957,1.6572265625
958,1.65673828125
959,1.65625
960,1.65576171875
961,1.6552734375
962,1.65478515625
963,1.654296875
964,1.65380859375
965,1.6533203125
966,1.65283203125
967,1.65234375
968,1.65185546875
969,1.6513671875
970,1.65087890625
971,1.650390625
972,1.64990234375
973,1.6494140625
974,1.64892578125
975,1.6484375
976,1.64794921875
977,1.6474609375
978,1.64697265625
979,1.646484375
980,1.64599609375
981,1.6455078125
982,1.64501953125
983,1.64453125
984,1.64404296875
985,1.6435546875
986,1.64306640625
987,1.642578125
988,1.64208984375
989,1.6416015625
990,1.64111328125
991,1.640625
992,1.64013671875
993,1.6396484375
994,1.63916015625
995,1.638671875
996,1.63818359375
997,1.6376953125
998,1.63720703125
999,1.63671875
1000,1.63623046875
1001,1.6357421875
1002,1.63525390625
1003,1.634765625
1004,1.63427734375
1005,1.6337890625
1006,1.63330078125
1007,1.6328125
1008,1.63232421875
1009,1.6318359375
1010,1.63134765625
1011,1.630859375
1012,1.63037109375
1013,1.6298828125
1014,1.62939453125
1015,1.62890625
1016,1.62841796875
1017,1.6279296875
1018,1.62744140625
1019,1.626953125
1020,1.62646484375
1021,1.6259765625
1022,1.62548828125
1023,1.1875
1024,1.19189453125
1025,1.1962890625
1026,1.2001953125
1027,1.2041015625
1028,1.20751953125
1029,1.2109375
1030,1.21435546875
1031,1.2177734375
1032,1.220703125
1033,1.2236328125
1034,1.2265625
1035,1.2294921875
1036,1.232421875
1037,1.2353515625
1038,1.23828125
1039,1.2412109375
1040,1.24365234375
1041,1.24609375
1042,1.24853515625
1043,1.2509765625
1044,1.25341796875
1045,1.255859375
1046,1.25830078125
1047,1.2607421875
1048,1.26318359375
1049,1.265625
1050,1.26806640625
1051,1.2705078125
1052,1.27294921875
1053,1.275390625
1054,1.27783203125
1055,1.2802734375
1056,1.2822265625
1057,1.2841796875
1058,1.2861328125
1059,1.2880859375
1060,1.2900390625
1061,1.2919921875
1062,1.2939453125
1063,1.2958984375
1064,1.2978515625
1065,1.2998046875
1066,1.3017578125
1067,1.3037109375
1068,1.3056640625
1069,1.3076171875
1070,1.3095703125
1071,1.3115234375
1072,1.3134765625
1073,1.3154296875
1074,1.3173828125
1075,1.3193359375
1076,1.3212890625
1077,1.3232421875
1078,1.3251953125
1079,1.3271484375
1080,1.3291015625
1081,1.3310546875
1082,1.3330078125
1083,1.3349609375
1084,1.3369140625
1085,1.3388671875
1086,1.3408203125
1087,1.3427734375
1088,1.34423828125
1089,1.345703125
1090,1.34716796875
1091,1.3486328125
1092,1.35009765625
1093,1.3515625
1094,1.35302734375
1095,1.3544921875
1096,1.35595703125
1097,1.357421875
1098,1.35888671875
1099,1.3603515625
1100,1.36181640625
1101,1.36328125
1102,1.36474609375
1103,1.3662109375
1104,1.36767578125
1105,1.369140625
1106,1.37060546875
1107,1.3720703125
1108,1.37353515625
1109,1.375
1110,1.37646484375
1111,1.3779296875
1112,1.37939453125
1113,1.380859375
1114,1.38232421875
1115,1.3837890625
1116,1.38525390625
1117,1.38671875
1118,1.38818359375
1119,1.3896484375
1120,1.39111328125
1121,1.392578125
1122,1.39404296875
1123,1.3955078125
1124,1.39697265625
1125,1.3984375
1126,1.39990234375
1127,1.4013671875
1128,1.40283203125
1129,1.404296875
1130,1.40576171875
1131,1.4072265625
1132,1.40869140625
1133,1.41015625
1134,1.41162109375
1135,1.4130859375
1136,1.41455078125
1137,1.416015625
1138,1.41748046875
1139,1.4189453125
1140,1.42041015625
1141,1.421875
1142,1.42333984375
1143,1.4248046875
1144,1.42626953125
1145,1.427734375
1146,1.42919921875
1147,1.4306640625
1148,1.43212890625
1149,1.43359375
1150,1.43505859375
1151,1.4365234375
1152,1.4375
1153,1.4384765625
1154,1.439453125
1155,1.4404296875
1156,1.44140625
1157,1.4423828125
1158,1.443359375
1159,1.4443359375
1160,1.4453125
1161,1.4462890625
1162,1.447265625
1163,1.4482421875
1164,1.44921875
1165,1.4501953125
1166,1.451171875
1167,1.4521484375
1168,1.453125
1169,1.4541015625
1170,1.455078125
1171,1.4560546875
1172,1.45703125
1173,1.4580078125
1174,1.458984375
1175,1.4599609375
1176,1.4609375
1177,1.4619140625
1178,1.462890625
1179,1.4638671875
1180,1.46484375
1181,1.4658203125
1182,1.466796875
1183,1.4677734375
1184,1.46875
1185,1.4697265625
1186,1.470703125
1187,1.4716796875
1188,1.47265625
1189,1.4736328125
1190,1.474609375
1191,1.4755859375
1192,1.4765625
1193,1.4775390625
1194,1.478515625
1195,1.4794921875
1196,1.48046875
1197,1.4814453125
1198,1.482421875
1199,1.4833984375
1200,1.484375
1201,1.4853515625
1202,1.486328125
1203,1.4873046875
1204,1.48828125
1205,1.4892578125
1206,1.490234375
1207,1.4912109375
1208,1.4921875
1209,1.4931640625
1210,1.494140625
1211,1.4951171875
1212,1.49609375
1213,1.4970703125
1214,1.498046875
1215,1.4990234375
1216,1.5
1217,1.5009765625
1218,1.501953125
1219,1.5029296875
1220,1.50390625
1221,1.5048828125
1222,1.505859375
1223,1.5068359375
1224,1.5078125
1225,1.5087890625
1226,1.509765625
1227,1.5107421875
1228,1.51171875
1229,1.5126953125
1230,1.513671875
1231,1.5146484375
1232,1.515625
1233,1.5166015625
1234,1.517578125
1235,1.5185546875
1236,1.51953125
1237,1.5205078125
1238,1.521484375
1239,1.5224609375
1240,1.5234375
1241,1.5244140625
1242,1.525390625
1243,1.5263671875
1244,1.52734375
1245,1.5283203125
1246,1.529296875
1247,1.5302734375
1248,1.53125
1249,1.5322265625
1250,1.533203125
1251,1.5341796875
1252,1.53515625
1253,1.5361328125
1254,1.537109375
1255,1.5380859375
1256,1.5390625
1257,1.5400390625
1258,1.541015625
1259,1.5419921875
1260,1.54296875
1261,1.5439453125
1262,1.544921875
1263,1.5458984375
1264,1.546875
1265,1.5478515625
1266,1.548828125
1267,1.5498046875
1268,1.55078125
1269,1.5517578125
1270,1.552734375
1271,1.5537109375
1272,1.5546875
1273,1.5556640625
1274,1.556640625
1275,1.5576171875
1276,1.55859375
1277,1.5595703125
1278,1.560546875
1279,1.5615234375
1280,1.56201171875
1281,1.5625
1282,1.56298828125
1283,1.5634765625
1284,1.56396484375
1285,1.564453125
1286,1.56494140625
1287,1.5654296875
1288,1.56591796875
1289,1.56640625
1290,1.56689453125
1291,1.5673828125
1292,1.56787109375
1293,1.568359375
1294,1.56884765625
1295,1.5693359375
1296,1.56982421875
1297,1.5703125
1298,1.57080078125
1299,1.5712890625
1300,1.57177734375
1301,1.572265625
1302,1.57275390625
1303,1.5732421875
1304,1.57373046875
1305,1.57421875
1306,1.57470703125
1307,1.5751953125
1308,1.57568359375
1309,1.576171875
1310,1.57666015625
1311,1.5771484375
1312,1.57763671875
1313,1.578125
1314,1.57861328125
1315,1.5791015625
1316,1.57958984375
1317,1.580078125
1318,1.58056640625
1319,1.5810546875
1320,1.58154296875
1321,1.58203125
1322,1.58251953125
1323,1.5830078125
1324,1.58349609375
1325,1.583984375
1326,1.58447265625
1327,1.5849609375
1328,1.58544921875
1329,1.5859375
1330,1.58642578125
1331,1.5869140625
1332,1.58740234375
1333,1.587890625
1334,1.58837890625
1335,1.5888671875
1336,1.58935546875
1337,1.58984375
1338,1.59033203125
1339,1.5908203125
1340,1.59130859375
1341,1.591796875
1342,1.59228515625
1343,1.5927734375
1344,1.59326171875
1345,1.59375
1346,1.59423828125
1347,1.5947265625
1348,1.59521484375
1349,1.595703125
1350,1.59619140625
1351,1.5966796875
1352,1.59716796875
1353,1.59765625
1354,1.59814453125
1355,1.5986328125
1356,1.59912109375
1357,1.599609375
1358,1.60009765625
1359,1.6005859375
1360,1.60107421875
1361,1.6015625
1362,1.60205078125
1363,1.6025390625
1364,1.60302734375
1365,1.603515625
1366,1.60400390625
1367,1.6044921875
1368,1.60498046875
1369,1.60546875
1370,1.60595703125
1371,1.6064453125
1372,1.60693359375
1373,1.607421875
1374,1.60791015625
1375,1.6083984375
1376,1.60888671875
1377,1.609375
1378,1.60986328125
1379,1.6103515625
1380,1.61083984375
1381,1.611328125
1382,1.61181640625
1383,1.6123046875
1384,1.61279296875
1385,1.61328125
1386,1.61376953125
1387,1.6142578125
1388,1.61474609375
1389,1.615234375
1390,1.61572265625
1391,1.6162109375
1392,1.61669921875
1393,1.6171875
1394,1.61767578125
1395,1.6181640625
1396,1.61865234375
1397,1.619140625
1398,1.61962890625
1399,1.6201171875
1400,1.62060546875
1401,1.62109375
1402,1.62158203125
1403,1.6220703125
1404,1.62255859375
1405,1.623046875
1406,1.62353515625
1407,1.6240234375
1408,1.62451171875
1409,1.625
1410,1.62548828125
1411,1.6259765625
1412,1.62646484375
1413,1.626953125
1414,1.62744140625
1415,1.6279296875
1416,1.62841796875
1417,1.62890625
1418,1.62939453125
1419,1.6298828125
1420,1.63037109375
1421,1.630859375
1422,1.63134765625
1423,1.6318359375
1424,1.63232421875
1425,1.6328125
1426,1.63330078125
1427,1.6337890625
1428,1.63427734375
1429,1.634765625
1430,1.63525390625
1431,1.6357421875
1432,1.63623046875
1433,1.63671875
1434,1.63720703125
1435,1.6376953125
1436,1.63818359375
1437,1.638671875
1438,1.63916015625
1439,1.6396484375
1440,1.64013671875
1441,1.640625
1442,1.64111328125
1443,1.6416015625
1444,1.64208984375
1445,1.642578125
1446,1.64306640625
1447,1.6435546875
1448,1.64404296875
1449,1.64453125
1450,1.64501953125
1451,1.6455078125
1452,1.64599609375
1453,1.646484375
1454,1.64697265625
1455,1.6474609375
1456,1.64794921875
1457,1.6484375
1458,1.64892578125
1459,1.6494140625
1460,1.64990234375
1461,1.650390625
1462,1.65087890625
1463,1.6513671875
1464,1.65185546875
1465,1.65234375
1466,1.65283203125
1467,1.6533203125
1468,1.65380859375
1469,1.654296875
1470,1.65478515625
1471,1.6552734375
1472,1.65576171875
1473,1.65625
1474,1.65673828125
1475,1.6572265625
1476,1.65771484375
1477,1.658203125
1478,1.65869140625
1479,1.6591796875
1480,1.65966796875
1481,1.66015625
1482,1.66064453125
1483,1.6611328125
1484,1.66162109375
1485,1.662109375
1486,1.66259765625
1487,1.6630859375
1488,1.66357421875
1489,1.6640625
1490,1.66455078125
1491,1.6650390625
1492,1.66552734375
1493,1.666015625
1494,1.66650390625
1495,1.6669921875
1496,1.66748046875
1497,1.66796875
1498,1.66845703125
1499,1.6689453125
1500,1.66943359375
1501,1.669921875
1502,1.67041015625
1503,1.6708984375
1504,1.67138671875
1505,1.671875
1506,1.67236328125
1507,1.6728515625
1508,1.67333984375
1509,1.673828125
1510,1.67431640625
1511,1.6748046875
1512,1.67529296875
1513,1.67578125
1514,1.67626953125
1515,1.6767578125
1516,1.67724609375
1517,1.677734375
1518,1.67822265625
1519,1.6787109375
1520,1.67919921875
1521,1.6796875
1522,1.68017578125
1523,1.6806640625
1524,1.68115234375
1525,1.681640625
1526,1.68212890625
1527,1.6826171875
1528,1.68310546875
1529,1.68359375
1530,1.68408203125
1531,1.6845703125
1532,1.68505859375
1533,1.685546875
1534,1.68603515625
1535,1.75
1536,1.749755859375
1537,1.74951171875
1538,1.749267578125
1539,1.7490234375
1540,1.748779296875
1541,1.74853515625
1542,1.748291015625
1543,1.748046875
1544,1.747802734375
1545,1.74755859375
1546,1.747314453125
1547,1.7470703125
1548,1.746826171875
1549,1.74658203125
1550,1.746337890625
1551,1.74609375
1552,1.745849609375
1553,1.74560546875
1554,1.745361328125
1555,1.7451171875
1556,1.744873046875
1557,1.74462890625
1558,1.744384765625
1559,1.744140625
1560,1.743896484375
1561,1.74365234375
1562,1.743408203125
1563,1.7431640625
1564,1.742919921875
1565,1.74267578125
1566,1.742431640625
1567,1.7421875
1568,1.741943359375
1569,1.74169921875
1570,1.741455078125
1571,1.7412109375
1572,1.740966796875
1573,1.74072265625
1574,1.740478515625
1575,1.740234375
1576,1.739990234375
1577,1.73974609375
1578,1.739501953125
1579,1.7392578125
1580,1.739013671875
1581,1.73876953125
1582,1.738525390625
1583,1.73828125
1584,1.738037109375
1585,1.73779296875
1586,1.737548828125
1587,1.7373046875
1588,1.737060546875
1589,1.73681640625
1590,1.736572265625
1591,1.736328125
1592,1.736083984375
1593,1.73583984375
1594,1.735595703125
1595,1.7353515625
1596,1.735107421875
1597,1.73486328125
1598,1.734619140625
1599,1.734375
1600,1.734130859375
1601,1.73388671875
1602,1.733642578125
1603,1.7333984375
1604,1.733154296875
1605,1.73291015625
1606,1.732666015625
1607,1.732421875
1608,1.732177734375
1609,1.73193359375
1610,1.731689453125
1611,1.7314453125
1612,1.731201171875
1613,1.73095703125
1614,1.730712890625
1615,1.73046875
1616,1.730224609375
1617,1.72998046875
1618,1.729736328125
1619,1.7294921875
1620,1.729248046875
1621,1.72900390625
1622,1.728759765625
1623,1.728515625
1624,1.728271484375
1625,1.72802734375
1626,1.727783203125
1627,1.7275390625
1628,1.727294921875
1629,1.72705078125
1630,1.726806640625
1631,1.7265625
1632,1.726318359375
1633,1.72607421875
1634,1.725830078125
1635,1.7255859375
1636,1.725341796875
1637,1.72509765625
1638,1.724853515625
1639,1.724609375
1640,1.724365234375
1641,1.72412109375
1642,1.723876953125
1643,1.7236328125
1644,1.723388671875
1645,1.72314453125
1646,1.722900390625
1647,1.72265625
1648,1.722412109375
1649,1.72216796875
1650,1.721923828125
1651,1.7216796875
1652,1.721435546875
1653,1.72119140625
1654,1.720947265625
1655,1.720703125
1656,1.720458984375
1657,1.72021484375
1658,1.719970703125
1659,1.7197265625
1660,1.719482421875
1661,1.71923828125
1662,1.718994140625
1663,1.71875
1664,1.718505859375
1665,1.71826171875
1666,1.718017578125
1667,1.7177734375
1668,1.717529296875
1669,1.71728515625
1670,1.717041015625
1671,1.716796875
1672,1.716552734375
1673,1.71630859375
1674,1.716064453125
1675,1.7158203125
1676,1.715576171875
1677,1.71533203125
1678,1.715087890625
1679,1.71484375
1680,1.714599609375
1681,1.71435546875
1682,1.714111328125
1683,1.7138671875
1684,1.713623046875
1685,1.71337890625
1686,1.713134765625
1687,1.712890625
1688,1.712646484375
1689,1.71240234375
1690,1.712158203125
1691,1.7119140625
1692,1.711669921875
1693,1.71142578125
1694,1.711181640625
1695,1.7109375
1696,1.710693359375
1697,1.71044921875
1698,1.710205078125
1699,1.7099609375
1700,1.709716796875
1701,1.70947265625
1702,1.709228515625
1703,1.708984375
1704,1.708740234375
1705,1.70849609375
1706,1.708251953125
1707,1.7080078125
1708,1.707763671875
1709,1.70751953125
1710,1.707275390625
1711,1.70703125
1712,1.706787109375
1713,1.70654296875
1714,1.706298828125
1715,1.7060546875
1716,1.705810546875
1717,1.70556640625
1718,1.705322265625
1719,1.705078125
1720,1.704833984375
1721,1.70458984375
1722,1.704345703125
1723,1.7041015625
1724,1.703857421875
1725,1.70361328125
1726,1.703369140625
1727,1.703125
1728,1.702880859375
1729,1.70263671875
1730,1.702392578125
1731,1.7021484375
1732,1.701904296875
1733,1.70166015625
1734,1.701416015625
1735,1.701171875
1736,1.700927734375
1737,1.70068359375
1738,1.700439453125
1739,1.7001953125
1740,1.699951171875
1741,1.69970703125
1742,1.699462890625
1743,1.69921875
1744,1.698974609375
1745,1.69873046875
1746,1.698486328125
1747,1.6982421875
1748,1.697998046875
1749,1.69775390625
1750,1.697509765625
1751,1.697265625
1752,1.697021484375
1753,1.69677734375
1754,1.696533203125
1755,1.6962890625
1756,1.696044921875
1757,1.69580078125
1758,1.695556640625
1759,1.6953125
1760,1.695068359375
1761,1.69482421875
1762,1.694580078125
1763,1.6943359375
1764,1.694091796875
1765,1.69384765625
1766,1.693603515625
1767,1.693359375
1768,1.693115234375
1769,1.69287109375
1770,1.692626953125
1771,1.6923828125
1772,1.692138671875
1773,1.69189453125
1774,1.691650390625
1775,1.69140625
1776,1.691162109375
1777,1.69091796875
1778,1.690673828125
1779,1.6904296875
1780,1.690185546875
1781,1.68994140625
1782,1.689697265625
1783,1.689453125
1784,1.689208984375
1785,1.68896484375
1786,1.688720703125
1787,1.6884765625
1788,1.688232421875
1789,1.68798828125
1790,1.687744140625
1791,1.6875
1792,1.687255859375
1793,1.68701171875
1794,1.686767578125
1795,1.6865234375
1796,1.686279296875
1797,1.68603515625
1798,1.685791015625
1799,1.685546875
1800,1.685302734375
1801,1.68505859375
1802,1.684814453125
1803,1.6845703125
1804,1.684326171875
1805,1.68408203125
1806,1.683837890625
1807,1.68359375
1808,1.683349609375
1809,1.68310546875
1810,1.682861328125
1811,1.6826171875
1812,1.682373046875
1813,1.68212890625
1814,1.681884765625
1815,1.681640625
1816,1.681396484375
1817,1.68115234375
1818,1.680908203125
1819,1.6806640625
1820,1.680419921875
1821,1.68017578125
1822,1.679931640625
1823,1.6796875
1824,1.679443359375
1825,1.67919921875
1826,1.678955078125
1827,1.6787109375
1828,1.678466796875
1829,1.67822265625
1830,1.677978515625
1831,1.677734375
1832,1.677490234375
1833,1.67724609375
1834,1.677001953125
1835,1.6767578125
1836,1.676513671875
1837,1.67626953125
1838,1.676025390625
1839,1.67578125
1840,1.675537109375
1841,1.67529296875
1842,1.675048828125
1843,1.6748046875
1844,1.674560546875
1845,1.67431640625
1846,1.674072265625
1847,1.673828125
1848,1.673583984375
1849,1.67333984375
1850,1.673095703125
1851,1.6728515625
1852,1.672607421875
1853,1.67236328125
1854,1.672119140625
1855,1.671875
1856,1.671630859375
1857,1.67138671875
1858,1.671142578125
1859,1.6708984375
1860,1.670654296875
1861,1.67041015625
1862,1.670166015625
1863,1.669921875
1864,1.669677734375
1865,1.66943359375
1866,1.669189453125
1867,1.6689453125
1868,1.668701171875
1869,1.66845703125
1870,1.668212890625
1871,1.66796875
1872,1.667724609375
1873,1.66748046875
1874,1.667236328125
1875,1.6669921875
1876,1.666748046875
1877,1.66650390625
1878,1.666259765625
1879,1.666015625
1880,1.665771484375
1881,1.66552734375
1882,1.665283203125
1883,1.6650390625
1884,1.664794921875
1885,1.66455078125
1886,1.664306640625
1887,1.6640625
1888,1.663818359375
1889,1.66357421875
1890,1.663330078125
1891,1.6630859375
1892,1.662841796875
1893,1.66259765625
1894,1.662353515625
1895,1.662109375
1896,1.661865234375
1897,1.66162109375
1898,1.661376953125
1899,1.6611328125
1900,1.660888671875
1901,1.66064453125
1902,1.660400390625
1903,1.66015625
1904,1.659912109375
1905,1.65966796875
1906,1.659423828125
1907,1.6591796875
1908,1.658935546875
1909,1.65869140625
1910,1.658447265625
1911,1.658203125
1912,1.657958984375
1913,1.65771484375
1914,1.657470703125
1915,1.6572265625
1916,1.656982421875
1917,1.65673828125
1918,1.656494140625
1919,1.65625
1920,1.656005859375
1921,1.65576171875
1922,1.655517578125
1923,1.6552734375
1924,1.655029296875
1925,1.65478515625
1926,1.654541015625
1927,1.654296875
1928,1.654052734375
1929,1.65380859375
1930,1.653564453125
1931,1.6533203125
1932,1.653076171875
1933,1.65283203125
1934,1.652587890625
1935,1.65234375
1936,1.652099609375
1937,1.65185546875
1938,1.651611328125
1939,1.6513671875
1940,1.651123046875
1941,1.65087890625
1942,1.650634765625
1943,1.650390625
1944,1.650146484375
1945,1.64990234375
1946,1.649658203125
1947,1.6494140625
1948,1.649169921875
1949,1.64892578125
1950,1.648681640625
1951,1.6484375
1952,1.648193359375
1953,1.64794921875
1954,1.647705078125
1955,1.6474609375
1956,1.647216796875
1957,1.64697265625
1958,1.646728515625
1959,1.646484375
1960,1.646240234375
1961,1.64599609375
1962,1.645751953125
1963,1.6455078125
1964,1.645263671875
1965,1.64501953125
1966,1.644775390625
1967,1.64453125
1968,1.644287109375
1969,1.64404296875
1970,1.643798828125
1971,1.6435546875
1972,1.643310546875
1973,1.64306640625
1974,1.642822265625
1975,1.642578125
1976,1.642333984375
1977,1.64208984375
1978,1.641845703125
1979,1.6416015625
1980,1.641357421875
1981,1.64111328125
1982,1.640869140625
1983,1.640625
1984,1.640380859375
1985,1.64013671875
1986,1.639892578125
1987,1.6396484375
1988,1.639404296875
1989,1.63916015625
1990,1.638916015625
1991,1.638671875
1992,1.638427734375
1993,1.63818359375
1994,1.637939453125
1995,1.6376953125
1996,1.637451171875
1997,1.63720703125
1998,1.636962890625
1999,1.63671875
2000,1.636474609375
2001,1.63623046875
2002,1.635986328125
2003,1.6357421875
2004,1.635498046875
2005,1.63525390625
2006,1.635009765625
2007,1.634765625
2008,1.634521484375
2009,1.63427734375
2010,1.634033203125
2011,1.6337890625
2012,1.633544921875
2013,1.63330078125
2014,1.633056640625
2015,1.6328125
2016,1.632568359375
2017,1.63232421875
2018,1.632080078125
2019,1.6318359375
2020,1.631591796875
2021,1.63134765625
2022,1.631103515625
2023,1.630859375
2024,1.630615234375
2025,1.63037109375
2026,1.630126953125
2027,1.6298828125
2028,1.629638671875
2029,1.62939453125
2030,1.629150390625
2031,1.62890625
2032,1.628662109375
2033,1.62841796875
2034,1.628173828125
2035,1.6279296875
2036,1.627685546875
2037,1.62744140625
2038,1.627197265625
2039,1.626953125
2040,1.626708984375
2041,1.62646484375
2042,1.626220703125
2043,1.6259765625
2044,1.625732421875
2045,1.62548828125
2046,1.625244140625
2047,1.1875
2048,1.18994140625
2049,1.1923828125
2050,1.194580078125
2051,1.19677734375
2052,1.19873046875
2053,1.20068359375
2054,1.20263671875
2055,1.20458984375
2056,1.206298828125
2057,1.2080078125
2058,1.209716796875
2059,1.21142578125
2060,1.213134765625
2061,1.21484375
2062,1.216552734375
2063,1.21826171875
2064,1.2197265625
2065,1.22119140625
2066,1.22265625
2067,1.22412109375
2068,1.2255859375
2069,1.22705078125
2070,1.228515625
2071,1.22998046875
2072,1.2314453125
2073,1.23291015625
2074,1.234375
2075,1.23583984375
2076,1.2373046875
2077,1.23876953125
2078,1.240234375
2079,1.24169921875
2080,1.242919921875
2081,1.244140625
2082,1.245361328125
2083,1.24658203125
2084,1.247802734375
2085,1.2490234375
2086,1.250244140625
2087,1.25146484375
2088,1.252685546875
2089,1.25390625
2090,1.255126953125
2091,1.25634765625
2092,1.257568359375
2093,1.2587890625
2094,1.260009765625
2095,1.26123046875
2096,1.262451171875
2097,1.263671875
2098,1.264892578125
2099,1.26611328125
2100,1.267333984375
2101,1.2685546875
2102,1.269775390625
2103,1.27099609375
2104,1.272216796875
2105,1.2734375
2106,1.274658203125
2107,1.27587890625
2108,1.277099609375
2109,1.2783203125
2110,1.279541015625
2111,1.28076171875
2112,1.28173828125
2113,1.28271484375
2114,1.28369140625
2115,1.28466796875
2116,1.28564453125
2117,1.28662109375
2118,1.28759765625
2119,1.28857421875
2120,1.28955078125
2121,1.29052734375
2122,1.29150390625
2123,1.29248046875
2124,1.29345703125
2125,1.29443359375
2126,1.29541015625
2127,1.29638671875
2128,1.29736328125
2129,1.29833984375
2130,1.29931640625
2131,1.30029296875
2132,1.30126953125
2133,1.30224609375
2134,1.30322265625
2135,1.30419921875
2136,1.30517578125
2137,1.30615234375
2138,1.30712890625
2139,1.30810546875
2140,1.30908203125
2141,1.31005859375
2142,1.31103515625
2143,1.31201171875
2144,1.31298828125
2145,1.31396484375
2146,1.31494140625
2147,1.31591796875
2148,1.31689453125
2149,1.31787109375
2150,1.31884765625
2151,1.31982421875
2152,1.32080078125
2153,1.32177734375
2154,1.32275390625
2155,1.32373046875
2156,1.32470703125
2157,1.32568359375
2158,1.32666015625
2159,1.32763671875
2160,1.32861328125
2161,1.32958984375
2162,1.33056640625
2163,1.33154296875
2164,1.33251953125
2165,1.33349609375
2166,1.33447265625
2167,1.33544921875
2168,1.33642578125
2169,1.33740234375
2170,1.33837890625
2171,1.33935546875
2172,1.34033203125
2173,1.34130859375
2174,1.34228515625
2175,1.34326171875
2176,1.343994140625
2177,1.3447265625
2178,1.345458984375
2179,1.34619140625
2180,1.346923828125
2181,1.34765625
2182,1.348388671875
2183,1.34912109375
2184,1.349853515625
2185,1.3505859375
2186,1.351318359375
2187,1.35205078125
2188,1.352783203125
2189,1.353515625
2190,1.354248046875
2191,1.35498046875
2192,1.355712890625
2193,1.3564453125
2194,1.357177734375
2195,1.35791015625
2196,1.358642578125
2197,1.359375
2198,1.360107421875
2199,1.36083984375
2200,1.361572265625
2201,1.3623046875
2202,1.363037109375
2203,1.36376953125
2204,1.364501953125
2205,1.365234375
2206,1.365966796875
2207,1.36669921875
2208,1.367431640625
2209,1.3681640625
2210,1.368896484375
2211,1.36962890625
2212,1.370361328125
2213,1.37109375
2214,1.371826171875
2215,1.37255859375
2216,1.373291015625
2217,1.3740234375
2218,1.374755859375
2219,1.37548828125
2220,1.376220703125
2221,1.376953125
2222,1.377685546875
2223,1.37841796875
2224,1.379150390625
2225,1.3798828125
2226,1.380615234375
2227,1.38134765625
2228,1.382080078125
2229,1.3828125
2230,1.383544921875
2231,1.38427734375
2232,1.385009765625
2233,1.3857421875
2234,1.386474609375
2235,1.38720703125
2236,1.387939453125
2237,1.388671875
2238,1.389404296875
2239,1.39013671875
2240,1.390869140625
2241,1.3916015625
2242,1.392333984375
2243,1.39306640625
2244,1.393798828125
2245,1.39453125
2246,1.395263671875
2247,1.39599609375
2248,1.396728515625
2249,1.3974609375
2250,1.398193359375
2251,1.39892578125
2252,1.399658203125
2253,1.400390625
2254,1.401123046875
2255,1.40185546875
2256,1.402587890625
2257,1.4033203125
2258,1.404052734375
2259,1.40478515625
2260,1.405517578125
2261,1.40625
2262,1.406982421875
2263,1.40771484375
2264,1.408447265625
2265,1.4091796875
2266,1.409912109375
2267,1.41064453125
2268,1.411376953125
2269,1.412109375
2270,1.412841796875
2271,1.41357421875
2272,1.414306640625
2273,1.4150390625
2274,1.415771484375
2275,1.41650390625
2276,1.417236328125
2277,1.41796875
2278,1.418701171875
2279,1.41943359375
2280,1.420166015625
2281,1.4208984375
2282,1.421630859375
2283,1.42236328125
2284,1.423095703125
2285,1.423828125
2286,1.424560546875
2287,1.42529296875
2288,1.426025390625
2289,1.4267578125
2290,1.427490234375
2291,1.42822265625
2292,1.428955078125
2293,1.4296875
2294,1.430419921875
2295,1.43115234375
2296,1.431884765625
2297,1.4326171875
2298,1.433349609375
2299,1.43408203125
2300,1.434814453125
2301,1.435546875
2302,1.436279296875
2303,1.43701171875
2304,1.4375
2305,1.43798828125
2306,1.4384765625
2307,1.43896484375
2308,1.439453125
2309,1.43994140625
2310,1.4404296875
2311,1.44091796875
2312,1.44140625
2313,1.44189453125
2314,1.4423828125
2315,1.44287109375
2316,1.443359375
2317,1.44384765625
2318,1.4443359375
2319,1.44482421875
2320,1.4453125
2321,1.44580078125
2322,1.4462890625
2323,1.44677734375
2324,1.447265625
2325,1.44775390625
2326,1.4482421875
2327,1.44873046875
2328,1.44921875
2329,1.44970703125
2330,1.4501953125
2331,1.45068359375
2332,1.451171875
2333,1.45166015625
2334,1.4521484375
2335,1.45263671875
2336,1.453125
2337,1.45361328125
2338,1.4541015625
2339,1.45458984375
2340,1.455078125
2341,1.45556640625
2342,1.4560546875
2343,1.45654296875
2344,1.45703125
2345,1.45751953125
2346,1.4580078125
2347,1.45849609375
2348,1.458984375
2349,1.45947265625
2350,1.4599609375
2351,1.46044921875
2352,1.4609375
2353,1.46142578125
2354,1.4619140625
2355,1.46240234375
2356,1.462890625
2357,1.46337890625
2358,1.4638671875
2359,1.46435546875
2360,1.46484375
2361,1.46533203125
2362,1.4658203125
2363,1.46630859375
2364,1.466796875
2365,1.46728515625
2366,1.4677734375
2367,1.46826171875
2368,1.46875
2369,1.46923828125
2370,1.4697265625
2371,1.47021484375
2372,1.470703125
2373,1.47119140625
2374,1.4716796875
2375,1.47216796875
2376,1.47265625
2377,1.47314453125
2378,1.4736328125
2379,1.47412109375
2380,1.474609375
2381,1.47509765625
2382,1.4755859375
2383,1.47607421875
2384,1.4765625
2385,1.47705078125
2386,1.4775390625
2387,1.47802734375
2388,1.478515625
2389,1.47900390625
2390,1.4794921875
2391,1.47998046875
2392,1.48046875
2393,1.48095703125
2394,1.4814453125
2395,1.48193359375
2396,1.482421875
2397,1.48291015625
2398,1.4833984375
2399,1.48388671875
2400,1.484375
2401,1.48486328125
2402,1.4853515625
2403,1.48583984375
2404,1.486328125
2405,1.48681640625
2406,1.4873046875
2407,1.48779296875
2408,1.48828125
2409,1.48876953125
2410,1.4892578125
2411,1.48974609375
2412,1.490234375
2413,1.49072265625
2414,1.4912109375
2415,1.49169921875
2416,1.4921875
2417,1.49267578125
2418,1.4931640625
2419,1.49365234375
2420,1.494140625
2421,1.49462890625
2422,1.4951171875
2423,1.49560546875
2424,1.49609375
2425,1.49658203125
2426,1.4970703125
2427,1.49755859375
2428,1.498046875
2429,1.49853515625
2430,1.4990234375
2431,1.49951171875
2432,1.5
2433,1.50048828125
2434,1.5009765625
2435,1.50146484375
2436,1.501953125
2437,1.50244140625
2438,1.5029296875
2439,1.50341796875
2440,1.50390625
2441,1.50439453125
2442,1.5048828125
2443,1.50537109375
2444,1.505859375
2445,1.50634765625
2446,1.5068359375
2447,1.50732421875
2448,1.5078125
2449,1.50830078125
2450,1.5087890625
2451,1.50927734375
2452,1.509765625
2453,1.51025390625
2454,1.5107421875
2455,1.51123046875
2456,1.51171875
2457,1.51220703125
2458,1.5126953125
2459,1.51318359375
2460,1.513671875
2461,1.51416015625
2462,1.5146484375
2463,1.51513671875
2464,1.515625
2465,1.51611328125
2466,1.5166015625
2467,1.51708984375
2468,1.517578125
2469,1.51806640625
2470,1.5185546875
2471,1.51904296875
2472,1.51953125
2473,1.52001953125
2474,1.5205078125
2475,1.52099609375
2476,1.521484375
2477,1.52197265625
2478,1.5224609375
2479,1.52294921875
2480,1.5234375
2481,1.52392578125
2482,1.5244140625
2483,1.52490234375
2484,1.525390625
2485,1.52587890625
2486,1.5263671875
2487,1.52685546875
2488,1.52734375
2489,1.52783203125
2490,1.5283203125
2491,1.52880859375
2492,1.529296875
2493,1.52978515625
2494,1.5302734375
2495,1.53076171875
2496,1.53125
2497,1.53173828125
2498,1.5322265625
2499,1.53271484375
2500,1.533203125
2501,1.53369140625
2502,1.5341796875
2503,1.53466796875
2504,1.53515625
2505,1.53564453125
2506,1.5361328125
2507,1.53662109375
2508,1.537109375
2509,1.53759765625
2510,1.5380859375
2511,1.53857421875
2512,1.5390625
2513,1.53955078125
2514,1.5400390625
2515,1.54052734375
2516,1.541015625
2517,1.54150390625
2518,1.5419921875
2519,1.54248046875
2520,1.54296875
2521,1.54345703125
2522,1.5439453125
2523,1.54443359375
2524,1.544921875
2525,1.54541015625
2526,1.5458984375
2527,1.54638671875
2528,1.546875
2529,1.54736328125
2530,1.5478515625
2531,1.54833984375
2532,1.548828125
2533,1.54931640625
2534,1.5498046875
2535,1.55029296875
2536,1.55078125
2537,1.55126953125
2538,1.5517578125
2539,1.55224609375
2540,1.552734375
2541,1.55322265625
2542,1.5537109375
2543,1.55419921875
2544,1.5546875
2545,1.55517578125
2546,1.5556640625
2547,1.55615234375
2548,1.556640625
2549,1.55712890625
2550,1.5576171875
2551,1.55810546875
2552,1.55859375
2553,1.55908203125
2554,1.5595703125
2555,1.56005859375
2556,1.560546875
2557,1.56103515625
2558,1.5615234375
2559,1.56201171875
2560,1.562255859375
2561,1.5625
2562,1.562744140625
2563,1.56298828125
2564,1.563232421875
2565,1.5634765625
2566,1.563720703125
2567,1.56396484375
2568,1.564208984375
2569,1.564453125
2570,1.564697265625
2571,1.56494140625
2572,1.565185546875
2573,1.5654296875
2574,1.565673828125
2575,1.56591796875
2576,1.566162109375
2577,1.56640625
2578,1.566650390625
2579,1.56689453125
2580,1.567138671875
2581,1.5673828125
2582,1.567626953125
2583,1.56787109375
2584,1.568115234375
2585,1.568359375
2586,1.568603515625
2587,1.56884765625
2588,1.569091796875
2589,1.5693359375
2590,1.569580078125
2591,1.56982421875
2592,1.570068359375
2593,1.5703125
2594,1.570556640625
2595,1.57080078125
2596,1.571044921875
2597,1.5712890625
2598,1.571533203125
2599,1.57177734375
2600,1.572021484375
2601,1.572265625
2602,1.572509765625
2603,1.57275390625
2604,1.572998046875
2605,1.5732421875
2606,1.573486328125
2607,1.57373046875
2608,1.573974609375
2609,1.57421875
2610,1.574462890625
2611,1.57470703125
2612,1.574951171875
2613,1.5751953125
2614,1.575439453125
2615,1.57568359375
2616,1.575927734375
2617,1.576171875
2618,1.576416015625
2619,1.57666015625
2620,1.576904296875
2621,1.5771484375
2622,1.577392578125
2623,1.57763671875
2624,1.577880859375
2625,1.578125
2626,1.578369140625
2627,1.57861328125
2628,1.578857421875
2629,1.5791015625
2630,1.579345703125
2631,1.57958984375
2632,1.579833984375
2633,1.580078125
2634,1.580322265625
2635,1.58056640625
2636,1.580810546875
2637,1.5810546875
2638,1.581298828125
2639,1.58154296875
2640,1.581787109375
2641,1.58203125
2642,1.582275390625
2643,1.58251953125
2644,1.582763671875
2645,1.5830078125
2646,1.583251953125
2647,1.58349609375
2648,1.583740234375
2649,1.583984375
2650,1.584228515625
2651,1.58447265625
2652,1.584716796875
2653,1.5849609375
2654,1.585205078125
2655,1.58544921875
2656,1.585693359375
2657,1.5859375
2658,1.586181640625
2659,1.58642578125
2660,1.586669921875
2661,1.5869140625
2662,1.587158203125
2663,1.58740234375
2664,1.587646484375
2665,1.587890625
2666,1.588134765625
2667,1.58837890625
2668,1.588623046875
2669,1.5888671875
2670,1.589111328125
2671,1.58935546875
2672,1.589599609375
2673,1.58984375
2674,1.590087890625
2675,1.59033203125
2676,1.590576171875
2677,1.5908203125
2678,1.591064453125
2679,1.59130859375
2680,1.591552734375
2681,1.591796875
2682,1.592041015625
2683,1.59228515625
2684,1.592529296875
2685,1.5927734375
2686,1.593017578125
2687,1.59326171875
2688,1.593505859375
2689,1.59375
2690,1.593994140625
2691,1.59423828125
2692,1.594482421875
2693,1.5947265625
2694,1.594970703125
2695,1.59521484375
2696,1.595458984375
2697,1.595703125
2698,1.595947265625
2699,1.59619140625
2700,1.596435546875
2701,1.5966796875
2702,1.596923828125
2703,1.59716796875
2704,1.597412109375
2705,1.59765625
2706,1.597900390625
2707,1.59814453125
2708,1.598388671875
2709,1.5986328125
2710,1.598876953125
2711,1.59912109375
2712,1.599365234375
2713,1.599609375
2714,1.599853515625
2715,1.60009765625
2716,1.600341796875
2717,1.6005859375
2718,1.600830078125
2719,1.60107421875
2720,1.601318359375
2721,1.6015625
2722,1.601806640625
2723,1.60205078125
2724,1.602294921875
2725,1.6025390625
2726,1.602783203125
2727,1.60302734375
2728,1.603271484375
2729,1.603515625
2730,1.603759765625
2731,1.60400390625
2732,1.604248046875
2733,1.6044921875
2734,1.604736328125
2735,1.60498046875
2736,1.605224609375
2737,1.60546875
2738,1.605712890625
2739,1.60595703125
2740,1.606201171875
2741,1.6064453125
2742,1.606689453125
2743,1.60693359375
2744,1.607177734375
2745,1.607421875
2746,1.607666015625
2747,1.60791015625
2748,1.608154296875
2749,1.6083984375
2750,1.608642578125
2751,1.60888671875
2752,1.609130859375
2753,1.609375
2754,1.609619140625
2755,1.60986328125
2756,1.610107421875
2757,1.6103515625
2758,1.610595703125
2759,1.61083984375
2760,1.611083984375
2761,1.611328125
2762,1.611572265625
2763,1.61181640625
2764,1.612060546875
2765,1.6123046875
2766,1.612548828125
2767,1.61279296875
2768,1.613037109375
2769,1.61328125
2770,1.613525390625
2771,1.61376953125
2772,1.614013671875
2773,1.6142578125
2774,1.614501953125
2775,1.61474609375
2776,1.614990234375
2777,1.615234375
2778,1.615478515625
2779,1.61572265625
2780,1.615966796875
2781,1.6162109375
2782,1.616455078125
2783,1.61669921875
2784,1.616943359375
2785,1.6171875
2786,1.617431640625
2787,1.61767578125
2788,1.617919921875
2789,1.6181640625
2790,1.618408203125
2791,1.61865234375
2792,1.618896484375
2793,1.619140625
2794,1.619384765625
2795,1.61962890625
2796,1.619873046875
2797,1.6201171875
2798,1.620361328125
2799,1.62060546875
2800,1.620849609375
2801,1.62109375
2802,1.621337890625
2803,1.62158203125
2804,1.621826171875
2805,1.6220703125
2806,1.622314453125
2807,1.62255859375
2808,1.622802734375
2809,1.623046875
2810,1.623291015625
2811,1.62353515625
2812,1.623779296875
2813,1.6240234375
2814,1.624267578125
2815,1.62451171875
2816,1.624755859375
2817,1.625
2818,1.625244140625
2819,1.62548828125
2820,1.625732421875
2821,1.6259765625
2822,1.626220703125
2823,1.62646484375
2824,1.626708984375
2825,1.626953125
2826,1.627197265625
2827,1.62744140625
2828,1.627685546875
2829,1.6279296875
2830,1.628173828125
2831,1.62841796875
2832,1.628662109375
2833,1.62890625
2834,1.629150390625
2835,1.62939453125
2836,1.629638671875
2837,1.6298828125
2838,1.630126953125
2839,1.63037109375
2840,1.630615234375
2841,1.630859375
2842,1.631103515625
2843,1.63134765625
2844,1.631591796875
2845,1.6318359375
2846,1.632080078125
2847,1.63232421875
2848,1.632568359375
2849,1.6328125
2850,1.633056640625
2851,1.63330078125
2852,1.633544921875
2853,1.6337890625
2854,1.634033203125
2855,1.63427734375
2856,1.634521484375
2857,1.634765625
2858,1.635009765625
2859,1.63525390625
2860,1.635498046875
2861,1.6357421875
2862,1.635986328125
2863,1.63623046875
2864,1.636474609375
2865,1.63671875
2866,1.636962890625
2867,1.63720703125
2868,1.637451171875
2869,1.6376953125
2870,1.637939453125
2871,1.63818359375
2872,1.638427734375
2873,1.638671875
2874,1.638916015625
2875,1.63916015625
2876,1.639404296875
2877,1.6396484375
2878,1.639892578125
2879,1.64013671875
2880,1.640380859375
2881,1.640625
2882,1.640869140625
2883,1.64111328125
2884,1.641357421875
2885,1.6416015625
2886,1.641845703125
2887,1.64208984375
2888,1.642333984375
2889,1.642578125
2890,1.642822265625
2891,1.64306640625
2892,1.643310546875
2893,1.6435546875
2894,1.643798828125
2895,1.64404296875
2896,1.644287109375
2897,1.64453125
2898,1.644775390625
2899,1.64501953125
2900,1.645263671875
2901,1.6455078125
2902,1.645751953125
2903,1.64599609375
2904,1.646240234375
2905,1.646484375
2906,1.646728515625
2907,1.64697265625
2908,1.647216796875
2909,1.6474609375
2910,1.647705078125
2911,1.64794921875
2912,1.648193359375
2913,1.6484375
2914,1.648681640625
2915,1.64892578125
2916,1.649169921875
2917,1.6494140625
2918,1.649658203125
2919,1.64990234375
2920,1.650146484375
2921,1.650390625
2922,1.650634765625
2923,1.65087890625
2924,1.651123046875
2925,1.6513671875
2926,1.651611328125
2927,1.65185546875
2928,1.652099609375
2929,1.65234375
2930,1.652587890625
2931,1.65283203125
2932,1.653076171875
2933,1.6533203125
2934,1.653564453125
2935,1.65380859375
2936,1.654052734375
2937,1.654296875
2938,1.654541015625
2939,1.65478515625
2940,1.655029296875
2941,1.6552734375
2942,1.655517578125
2943,1.65576171875
2944,1.656005859375
2945,1.65625
2946,1.656494140625
2947,1.65673828125
2948,1.656982421875
2949,1.6572265625
2950,1.657470703125
2951,1.65771484375
2952,1.657958984375
2953,1.658203125
2954,1.658447265625
2955,1.65869140625
2956,1.658935546875
2957,1.6591796875
2958,1.659423828125
2959,1.65966796875
2960,1.659912109375
2961,1.66015625
2962,1.660400390625
2963,1.66064453125
2964,1.660888671875
2965,1.6611328125
2966,1.661376953125
2967,1.66162109375
2968,1.661865234375
2969,1.662109375
2970,1.662353515625
2971,1.66259765625
2972,1.662841796875
2973,1.6630859375
2974,1.663330078125
2975,1.66357421875
2976,1.663818359375
2977,1.6640625
2978,1.664306640625
2979,1.66455078125
2980,1.664794921875
2981,1.6650390625
2982,1.665283203125
2983,1.66552734375
2984,1.665771484375
2985,1.666015625
2986,1.666259765625
2987,1.66650390625
2988,1.666748046875
2989,1.6669921875
2990,1.667236328125
2991,1.66748046875
2992,1.667724609375
2993,1.66796875
2994,1.668212890625
2995,1.66845703125
2996,1.668701171875
2997,1.6689453125
2998,1.669189453125
2999,1.66943359375
3000,1.669677734375
3001,1.669921875
3002,1.670166015625
3003,1.67041015625
3004,1.670654296875
3005,1.6708984375
3006,1.671142578125
3007,1.67138671875
3008,1.671630859375
3009,1.671875
3010,1.672119140625
3011,1.67236328125
3012,1.672607421875
3013,1.6728515625
3014,1.673095703125
3015,1.67333984375
3016,1.673583984375
3017,1.673828125
3018,1.674072265625
3019,1.67431640625
3020,1.674560546875
3021,1.6748046875
3022,1.675048828125
3023,1.67529296875
3024,1.675537109375
3025,1.67578125
3026,1.676025390625
3027,1.67626953125
3028,1.676513671875
3029,1.6767578125
3030,1.677001953125
3031,1.67724609375
3032,1.677490234375
3033,1.677734375
3034,1.677978515625
3035,1.67822265625
3036,1.678466796875
3037,1.6787109375
3038,1.678955078125
3039,1.67919921875
3040,1.679443359375
3041,1.6796875
3042,1.679931640625
3043,1.68017578125
3044,1.680419921875
3045,1.6806640625
3046,1.680908203125
3047,1.68115234375
3048,1.681396484375
3049,1.681640625
3050,1.681884765625
3051,1.68212890625
3052,1.682373046875
3053,1.6826171875
3054,1.682861328125
3055,1.68310546875
3056,1.683349609375
3057,1.68359375
3058,1.683837890625
3059,1.68408203125
3060,1.684326171875
3061,1.6845703125
3062,1.684814453125
3063,1.68505859375
3064,1.685302734375
3065,1.685546875
3066,1.685791015625
3067,1.68603515625
3068,1.686279296875
3069,1.6865234375
3070,1.686767578125
3071,1.75
3072,1.7498779296875
3073,1.749755859375
3074,1.7496337890625
3075,1.74951171875
3076,1.7493896484375
3077,1.749267578125
3078,1.7491455078125
3079,1.7490234375
3080,1.7489013671875
3081,1.748779296875
3082,1.7486572265625
3083,1.74853515625
3084,1.7484130859375
3085,1.748291015625
3086,1.7481689453125
3087,1.748046875
3088,1.7479248046875
3089,1.747802734375
3090,1.7476806640625
3091,1.74755859375
3092,1.7474365234375
3093,1.747314453125
3094,1.7471923828125
3095,1.7470703125
3096,1.7469482421875
3097,1.746826171875
3098,1.7467041015625
3099,1.74658203125
3100,1.7464599609375
3101,1.746337890625
3102,1.7462158203125
3103,1.74609375
3104,1.7459716796875
3105,1.745849609375
3106,1.7457275390625
3107,1.74560546875
3108,1.7454833984375
3109,1.745361328125
3110,1.7452392578125
3111,1.7451171875
3112,1.7449951171875
3113,1.744873046875
3114,1.7447509765625
3115,1.74462890625
3116,1.7445068359375
3117,1.744384765625
3118,1.7442626953125
3119,1.744140625
3120,1.7440185546875
3121,1.743896484375
3122,1.7437744140625
3123,1.74365234375
3124,1.7435302734375
3125,1.743408203125
3126,1.7432861328125
3127,1.7431640625
3128,1.7430419921875
3129,1.742919921875
3130,1.7427978515625
3131,1.74267578125
3132,1.7425537109375
3133,1.742431640625
3134,1.7423095703125
3135,1.7421875
3136,1.7420654296875
3137,1.741943359375
3138,1.7418212890625
3139,1.74169921875
3140,1.7415771484375
3141,1.741455078125
3142,1.7413330078125
3143,1.7412109375
3144,1.7410888671875
3145,1.740966796875
3146,1.7408447265625
3147,1.74072265625
3148,1.7406005859375
3149,1.740478515625
3150,1.7403564453125
3151,1.740234375
3152,1.7401123046875
3153,1.739990234375
3154,1.7398681640625
3155,1.73974609375
3156,1.7396240234375
3157,1.739501953125
3158,1.7393798828125
3159,1.7392578125
3160,1.7391357421875
3161,1.739013671875
3162,1.7388916015625
3163,1.73876953125
3164,1.7386474609375
3165,1.738525390625
3166,1.7384033203125
3167,1.73828125
3168,1.7381591796875
3169,1.738037109375
3170,1.7379150390625
3171,1.73779296875
3172,1.7376708984375
3173,1.737548828125
3174,1.7374267578125
3175,1.7373046875
3176,1.7371826171875
3177,1.737060546875
3178,1.7369384765625
3179,1.73681640625
3180,1.7366943359375
3181,1.736572265625
3182,1.7364501953125
3183,1.736328125
3184,1.7362060546875
3185,1.736083984375
3186,1.7359619140625
3187,1.73583984375
3188,1.7357177734375
3189,1.735595703125
3190,1.7354736328125
3191,1.7353515625
3192,1.7352294921875
3193,1.735107421875
3194,1.7349853515625
3195,1.73486328125
3196,1.7347412109375
3197,1.734619140625
3198,1.7344970703125
3199,1.734375
3200,1.7342529296875
3201,1.734130859375
3202,1.7340087890625
3203,1.73388671875
3204,1.7337646484375
3205,1.733642578125
3206,1.7335205078125
3207,1.7333984375
3208,1.7332763671875
3209,1.733154296875
3210,1.7330322265625
3211,1.73291015625
3212,1.7327880859375
3213,1.732666015625
3214,1.7325439453125
3215,1.732421875
3216,1.7322998046875
3217,1.732177734375
3218,1.7320556640625
3219,1.73193359375
3220,1.7318115234375
3221,1.731689453125
3222,1.7315673828125
3223,1.7314453125
3224,1.7313232421875
3225,1.731201171875
3226,1.7310791015625
3227,1.73095703125
3228,1.7308349609375
3229,1.730712890625
3230,1.7305908203125
3231,1.73046875
3232,1.7303466796875
3233,1.730224609375
3234,1.7301025390625
3235,1.72998046875
3236,1.7298583984375
3237,1.729736328125
3238,1.7296142578125
3239,1.7294921875
3240,1.7293701171875
3241,1.729248046875
3242,1.7291259765625
3243,1.72900390625
3244,1.7288818359375
3245,1.728759765625
3246,1.7286376953125
3247,1.728515625
3248,1.7283935546875
3249,1.728271484375
3250,1.7281494140625
3251,1.72802734375
3252,1.7279052734375
3253,1.727783203125
3254,1.7276611328125
3255,1.7275390625
3256,1.7274169921875
3257,1.727294921875
3258,1.7271728515625
3259,1.72705078125
3260,1.7269287109375
3261,1.726806640625
3262,1.7266845703125
3263,1.7265625
3264,1.7264404296875
3265,1.726318359375
3266,1.7261962890625
3267,1.72607421875
3268,1.7259521484375
3269,1.725830078125
3270,1.7257080078125
3271,1.7255859375
3272,1.7254638671875
3273,1.725341796875
3274,1.7252197265625
3275,1.72509765625
3276,1.7249755859375
3277,1.724853515625
3278,1.7247314453125
3279,1.724609375
3280,1.7244873046875
3281,1.724365234375
3282,1.7242431640625
3283,1.72412109375
3284,1.7239990234375
3285,1.723876953125
3286,1.7237548828125
3287,1.7236328125
3288,1.7235107421875
3289,1.723388671875
3290,1.7232666015625
3291,1.72314453125
3292,1.7230224609375
3293,1.722900390625
3294,1.7227783203125
3295,1.72265625
3296,1.7225341796875
3297,1.722412109375
3298,1.7222900390625
3299,1.72216796875
3300,1.7220458984375
3301,1.721923828125
3302,1.7218017578125
3303,1.7216796875
3304,1.7215576171875
3305,1.721435546875
3306,1.7213134765625
3307,1.72119140625
3308,1.7210693359375
3309,1.720947265625
3310,1.7208251953125
3311,1.720703125
3312,1.7205810546875
3313,1.720458984375
3314,1.7203369140625
3315,1.72021484375
3316,1.7200927734375
3317,1.719970703125
3318,1.7198486328125
3319,1.7197265625
3320,1.7196044921875
3321,1.719482421875
3322,1.7193603515625
3323,1.71923828125
3324,1.7191162109375
3325,1.718994140625
3326,1.7188720703125
3327,1.71875
3328,1.7186279296875
3329,1.718505859375
3330,1.7183837890625
3331,1.71826171875
3332,1.7181396484375
3333,1.718017578125
3334,1.7178955078125
3335,1.7177734375
3336,1.7176513671875
3337,1.717529296875
3338,1.7174072265625
3339,1.71728515625
3340,1.7171630859375
3341,1.717041015625
3342,1.7169189453125
3343,1.716796875
3344,1.7166748046875
3345,1.716552734375
3346,1.7164306640625
3347,1.71630859375
3348,1.7161865234375
3349,1.716064453125
3350,1.7159423828125
3351,1.7158203125
3352,1.7156982421875
3353,1.715576171875
3354,1.7154541015625
3355,1.71533203125
3356,1.7152099609375
3357,1.715087890625
3358,1.7149658203125
3359,1.71484375
3360,1.7147216796875
3361,1.714599609375
3362,1.7144775390625
3363,1.71435546875
3364,1.7142333984375
3365,1.714111328125
3366,1.7139892578125
3367,1.7138671875
3368,1.7137451171875
3369,1.713623046875
3370,1.7135009765625
3371,1.71337890625
3372,1.7132568359375
3373,1.713134765625
3374,1.7130126953125
3375,1.712890625
3376,1.7127685546875
3377,1.712646484375
3378,1.7125244140625
3379,1.71240234375
3380,1.7122802734375
3381,1.712158203125
3382,1.7120361328125
3383,1.7119140625
3384,1.7117919921875
3385,1.711669921875
3386,1.7115478515625
3387,1.71142578125
3388,1.7113037109375
3389,1.711181640625
3390,1.7110595703125
3391,1.7109375
3392,1.7108154296875
3393,1.710693359375
3394,1.7105712890625
3395,1.71044921875
3396,1.7103271484375
3397,1.710205078125
3398,1.7100830078125
3399,1.7099609375
3400,1.7098388671875
3401,1.709716796875
3402,1.7095947265625
3403,1.70947265625
3404,1.7093505859375
3405,1.709228515625
3406,1.7091064453125
3407,1.708984375
3408,1.7088623046875
3409,1.708740234375
3410,1.7086181640625
3411,1.70849609375
3412,1.7083740234375
3413,1.708251953125
3414,1.7081298828125
3415,1.7080078125
3416,1.7078857421875
3417,1.707763671875
3418,1.7076416015625
3419,1.70751953125
3420,1.7073974609375
3421,1.707275390625
3422,1.7071533203125
3423,1.70703125
3424,1.7069091796875
3425,1.706787109375
3426,1.7066650390625
3427,1.70654296875
3428,1.7064208984375
3429,1.706298828125
3430,1.7061767578125
3431,1.7060546875
3432,1.7059326171875
3433,1.705810546875
3434,1.7056884765625
3435,1.70556640625
3436,1.7054443359375
3437,1.705322265625
3438,1.7052001953125
3439,1.705078125
3440,1.7049560546875
3441,1.704833984375
3442,1.7047119140625
3443,1.70458984375
3444,1.7044677734375
3445,1.704345703125
3446,1.7042236328125
3447,1.7041015625
3448,1.7039794921875
3449,1.703857421875
3450,1.7037353515625
3451,1.70361328125
3452,1.7034912109375
3453,1.703369140625
3454,1.7032470703125
3455,1.703125
3456,1.7030029296875
3457,1.702880859375
3458,1.7027587890625
3459,1.70263671875
3460,1.7025146484375
3461,1.702392578125
3462,1.7022705078125
3463,1.7021484375
3464,1.7020263671875
3465,1.701904296875
3466,1.7017822265625
3467,1.70166015625
3468,1.7015380859375
3469,1.701416015625
3470,1.7012939453125
3471,1.701171875
3472,1.7010498046875
3473,1.700927734375
3474,1.7008056640625
3475,1.70068359375
3476,1.7005615234375
3477,1.700439453125
3478,1.7003173828125
3479,1.7001953125
3480,1.7000732421875
3481,1.699951171875
3482,1.6998291015625
3483,1.69970703125
3484,1.6995849609375
3485,1.699462890625
3486,1.6993408203125
3487,1.69921875
3488,1.6990966796875
3489,1.698974609375
3490,1.6988525390625
3491,1.69873046875
3492,1.6986083984375
3493,1.698486328125
3494,1.6983642578125
3495,1.6982421875
3496,1.6981201171875
3497,1.697998046875
3498,1.6978759765625
3499,1.69775390625
3500,1.6976318359375
3501,1.697509765625
3502,1.6973876953125
3503,1.697265625
3504,1.6971435546875
3505,1.697021484375
3506,1.6968994140625
3507,1.69677734375
3508,1.6966552734375
3509,1.696533203125
3510,1.6964111328125
3511,1.6962890625
3512,1.6961669921875
3513,1.696044921875
3514,1.6959228515625
3515,1.69580078125
3516,1.6956787109375
3517,1.695556640625
3518,1.6954345703125
3519,1.6953125
3520,1.6951904296875
3521,1.695068359375
3522,1.6949462890625
3523,1.69482421875
3524,1.6947021484375
3525,1.694580078125
3526,1.6944580078125
3527,1.6943359375
3528,1.6942138671875
3529,1.694091796875
3530,1.6939697265625
3531,1.69384765625
3532,1.6937255859375
3533,1.693603515625
3534,1.6934814453125
3535,1.693359375
3536,1.6932373046875
3537,1.693115234375
3538,1.6929931640625
3539,1.69287109375
3540,1.6927490234375
3541,1.692626953125
3542,1.6925048828125
3543,1.6923828125
3544,1.6922607421875
3545,1.692138671875
3546,1.6920166015625
3547,1.69189453125
3548,1.6917724609375
3549,1.691650390625
3550,1.6915283203125
3551,1.69140625
3552,1.6912841796875
3553,1.691162109375
3554,1.6910400390625
3555,1.69091796875
3556,1.6907958984375
3557,1.690673828125
3558,1.6905517578125
3559,1.6904296875
3560,1.6903076171875
3561,1.690185546875
3562,1.6900634765625
3563,1.68994140625
3564,1.6898193359375
3565,1.689697265625
3566,1.6895751953125
3567,1.689453125
3568,1.6893310546875
3569,1.689208984375
3570,1.6890869140625
3571,1.68896484375
3572,1.6888427734375
3573,1.688720703125
3574,1.6885986328125
3575,1.6884765625
3576,1.6883544921875
3577,1.688232421875
3578,1.6881103515625
3579,1.68798828125
3580,1.6878662109375
3581,1.687744140625
3582,1.6876220703125
3583,1.6875
3584,1.6873779296875
3585,1.687255859375
3586,1.6871337890625
3587,1.68701171875
3588,1.6868896484375
3589,1.686767578125
3590,1.6866455078125
3591,1.6865234375
3592,1.6864013671875
3593,1.686279296875
3594,1.6861572265625
3595,1.68603515625
3596,1.6859130859375
3597,1.685791015625
3598,1.6856689453125
3599,1.685546875
3600,1.6854248046875
3601,1.685302734375
3602,1.6851806640625
3603,1.68505859375
3604,1.6849365234375
3605,1.684814453125
3606,1.6846923828125
3607,1.6845703125
3608,1.6844482421875
3609,1.684326171875
3610,1.6842041015625
3611,1.68408203125
3612,1.6839599609375
3613,1.683837890625
3614,1.6837158203125
3615,1.68359375
3616,1.6834716796875
3617,1.683349609375
3618,1.6832275390625
3619,1.68310546875
3620,1.6829833984375
3621,1.682861328125
3622,1.6827392578125
3623,1.6826171875
3624,1.6824951171875
3625,1.682373046875
3626,1.6822509765625
3627,1.68212890625
3628,1.6820068359375
3629,1.681884765625
3630,1.6817626953125
3631,1.681640625
3632,1.6815185546875
3633,1.681396484375
3634,1.6812744140625
3635,1.68115234375
3636,1.6810302734375
3637,1.680908203125
3638,1.6807861328125
3639,1.6806640625
3640,1.6805419921875
3641,1.680419921875
3642,1.6802978515625
3643,1.68017578125
3644,1.6800537109375
3645,1.679931640625
3646,1.6798095703125
3647,1.6796875
3648,1.6795654296875
3649,1.679443359375
3650,1.6793212890625
3651,1.67919921875
3652,1.6790771484375
3653,1.678955078125
3654,1.6788330078125
3655,1.6787109375
3656,1.6785888671875
3657,1.678466796875
3658,1.6783447265625
3659,1.67822265625
3660,1.6781005859375
3661,1.677978515625
3662,1.6778564453125
3663,1.677734375
3664,1.6776123046875
3665,1.677490234375
3666,1.6773681640625
3667,1.67724609375
3668,1.6771240234375
3669,1.677001953125
3670,1.6768798828125
3671,1.6767578125
3672,1.6766357421875
3673,1.676513671875
3674,1.6763916015625
3675,1.67626953125
3676,1.6761474609375
3677,1.676025390625
3678,1.6759033203125
3679,1.67578125
3680,1.6756591796875
3681,1.675537109375
3682,1.6754150390625
3683,1.67529296875
3684,1.6751708984375
3685,1.675048828125
3686,1.6749267578125
3687,1.6748046875
3688,1.6746826171875
3689,1.674560546875
3690,1.6744384765625
3691,1.67431640625
3692,1.6741943359375
3693,1.674072265625
3694,1.6739501953125
3695,1.673828125
3696,1.6737060546875
3697,1.673583984375
3698,1.6734619140625
3699,1.67333984375
3700,1.6732177734375
3701,1.673095703125
3702,1.6729736328125
3703,1.6728515625
3704,1.6727294921875
3705,1.672607421875
3706,1.6724853515625
3707,1.67236328125
3708,1.6722412109375
3709,1.672119140625
3710,1.6719970703125
3711,1.671875
3712,1.6717529296875
3713,1.671630859375
3714,1.6715087890625
3715,1.67138671875
3716,1.6712646484375
3717,1.671142578125
3718,1.6710205078125
3719,1.6708984375
3720,1.6707763671875
3721,1.670654296875
3722,1.6705322265625
3723,1.67041015625
3724,1.6702880859375
3725,1.670166015625
3726,1.6700439453125
3727,1.669921875
3728,1.6697998046875
3729,1.669677734375
3730,1.6695556640625
3731,1.66943359375
3732,1.6693115234375
3733,1.669189453125
3734,1.6690673828125
3735,1.6689453125
3736,1.6688232421875
3737,1.668701171875
3738,1.6685791015625
3739,1.66845703125
3740,1.6683349609375
3741,1.668212890625
3742,1.6680908203125
3743,1.66796875
3744,1.6678466796875
3745,1.667724609375
3746,1.6676025390625
3747,1.66748046875
3748,1.6673583984375
3749,1.667236328125
3750,1.6671142578125
3751,1.6669921875
3752,1.6668701171875
3753,1.666748046875
3754,1.6666259765625
3755,1.66650390625
3756,1.6663818359375
3757,1.666259765625
3758,1.6661376953125
3759,1.666015625
3760,1.6658935546875
3761,1.665771484375
3762,1.6656494140625
3763,1.66552734375
3764,1.6654052734375
3765,1.665283203125
3766,1.6651611328125
3767,1.6650390625
3768,1.6649169921875
3769,1.664794921875
3770,1.6646728515625
3771,1.66455078125
3772,1.6644287109375
3773,1.664306640625
3774,1.6641845703125
3775,1.6640625
3776,1.6639404296875
3777,1.663818359375
3778,1.6636962890625
3779,1.66357421875
3780,1.6634521484375
3781,1.663330078125
3782,1.6632080078125
3783,1.6630859375
3784,1.6629638671875
3785,1.662841796875
3786,1.6627197265625
3787,1.66259765625
3788,1.6624755859375
3789,1.662353515625
3790,1.6622314453125
3791,1.662109375
3792,1.6619873046875
3793,1.661865234375
3794,1.6617431640625
3795,1.66162109375
3796,1.6614990234375
3797,1.661376953125
3798,1.6612548828125
3799,1.6611328125
3800,1.6610107421875
3801,1.660888671875
3802,1.6607666015625
3803,1.66064453125
3804,1.6605224609375
3805,1.660400390625
3806,1.6602783203125
3807,1.66015625
3808,1.6600341796875
3809,1.659912109375
3810,1.6597900390625
3811,1.65966796875
3812,1.6595458984375
3813,1.659423828125
3814,1.6593017578125
3815,1.6591796875
3816,1.6590576171875
3817,1.658935546875
3818,1.6588134765625
3819,1.65869140625
3820,1.6585693359375
3821,1.658447265625
3822,1.6583251953125
3823,1.658203125
3824,1.6580810546875
3825,1.657958984375
3826,1.6578369140625
3827,1.65771484375
3828,1.6575927734375
3829,1.657470703125
3830,1.6573486328125
3831,1.6572265625
3832,1.6571044921875
3833,1.656982421875
3834,1.6568603515625
3835,1.65673828125
3836,1.6566162109375
3837,1.656494140625
3838,1.6563720703125
3839,1.65625
3840,1.6561279296875
3841,1.656005859375
3842,1.6558837890625
3843,1.65576171875
3844,1.6556396484375
3845,1.655517578125
3846,1.6553955078125
3847,1.6552734375
3848,1.6551513671875
3849,1.655029296875
3850,1.6549072265625
3851,1.65478515625
3852,1.6546630859375
3853,1.654541015625
3854,1.6544189453125
3855,1.654296875
3856,1.6541748046875
3857,1.654052734375
3858,1.6539306640625
3859,1.65380859375
3860,1.6536865234375
3861,1.653564453125
3862,1.6534423828125
3863,1.6533203125
3864,1.6531982421875
3865,1.653076171875
3866,1.6529541015625
3867,1.65283203125
3868,1.6527099609375
3869,1.652587890625
3870,1.6524658203125
3871,1.65234375
3872,1.6522216796875
3873,1.652099609375
3874,1.6519775390625
3875,1.65185546875
3876,1.6517333984375
3877,1.651611328125
3878,1.6514892578125
3879,1.6513671875
3880,1.6512451171875
3881,1.651123046875
3882,1.6510009765625
3883,1.65087890625
3884,1.6507568359375
3885,1.650634765625
3886,1.6505126953125
3887,1.650390625
3888,1.6502685546875
3889,1.650146484375
3890,1.6500244140625
3891,1.64990234375
3892,1.6497802734375
3893,1.649658203125
3894,1.6495361328125
3895,1.6494140625
3896,1.6492919921875
3897,1.649169921875
3898,1.6490478515625
3899,1.64892578125
3900,1.6488037109375
3901,1.648681640625
3902,1.6485595703125
3903,1.6484375
3904,1.6483154296875
3905,1.648193359375
3906,1.6480712890625
3907,1.64794921875
3908,1.6478271484375
3909,1.647705078125
3910,1.6475830078125
3911,1.6474609375
3912,1.6473388671875
3913,1.647216796875
3914,1.6470947265625
3915,1.64697265625
3916,1.6468505859375
3917,1.646728515625
3918,1.6466064453125
3919,1.646484375
3920,1.6463623046875
3921,1.646240234375
3922,1.6461181640625
3923,1.64599609375
3924,1.6458740234375
3925,1.645751953125
3926,1.6456298828125
3927,1.6455078125
3928,1.6453857421875
3929,1.645263671875
3930,1.6451416015625
3931,1.64501953125
3932,1.6448974609375
3933,1.644775390625
3934,1.6446533203125
3935,1.64453125
3936,1.6444091796875
3937,1.644287109375
3938,1.6441650390625
3939,1.64404296875
3940,1.6439208984375
3941,1.643798828125
3942,1.6436767578125
3943,1.6435546875
3944,1.6434326171875
3945,1.643310546875
3946,1.6431884765625
3947,1.64306640625
3948,1.6429443359375
3949,1.642822265625
3950,1.6427001953125
3951,1.642578125
3952,1.6424560546875
3953,1.642333984375
3954,1.6422119140625
3955,1.64208984375
3956,1.6419677734375
3957,1.641845703125
3958,1.6417236328125
3959,1.6416015625
3960,1.6414794921875
3961,1.641357421875
3962,1.6412353515625
3963,1.64111328125
3964,1.6409912109375
3965,1.640869140625
3966,1.6407470703125
3967,1.640625
3968,1.6405029296875
3969,1.640380859375
3970,1.6402587890625
3971,1.64013671875
3972,1.6400146484375
3973,1.639892578125
3974,1.6397705078125
3975,1.6396484375
3976,1.6395263671875
3977,1.639404296875
3978,1.6392822265625
3979,1.63916015625
3980,1.6390380859375
3981,1.638916015625
3982,1.6387939453125
3983,1.638671875
3984,1.6385498046875
3985,1.638427734375
3986,1.6383056640625
3987,1.63818359375
3988,1.6380615234375
3989,1.637939453125
3990,1.6378173828125
3991,1.6376953125
3992,1.6375732421875
3993,1.637451171875
3994,1.6373291015625
3995,1.63720703125
3996,1.6370849609375
3997,1.636962890625
3998,1.6368408203125
3999,1.63671875
4000,1.6365966796875
4001,1.636474609375
4002,1.6363525390625
4003,1.63623046875
4004,1.6361083984375
4005,1.635986328125
4006,1.6358642578125
4007,1.6357421875
4008,1.6356201171875
4009,1.635498046875
4010,1.6353759765625
4011,1.63525390625
4012,1.6351318359375
4013,1.635009765625
4014,1.6348876953125
4015,1.634765625
4016,1.6346435546875
4017,1.634521484375
4018,1.6343994140625
4019,1.63427734375
4020,1.6341552734375
4021,1.634033203125
4022,1.6339111328125
4023,1.6337890625
4024,1.6336669921875
4025,1.633544921875
4026,1.6334228515625
4027,1.63330078125
4028,1.6331787109375
4029,1.633056640625
4030,1.6329345703125
4031,1.6328125
4032,1.6326904296875
4033,1.632568359375
4034,1.6324462890625
4035,1.63232421875
4036,1.6322021484375
4037,1.632080078125
4038,1.6319580078125
4039,1.6318359375
4040,1.6317138671875
4041,1.631591796875
4042,1.6314697265625
4043,1.63134765625
4044,1.6312255859375
4045,1.631103515625
4046,1.6309814453125
4047,1.630859375
4048,1.6307373046875
4049,1.630615234375
4050,1.6304931640625
4051,1.63037109375
4052,1.6302490234375
4053,1.630126953125
4054,1.6300048828125
4055,1.6298828125
4056,1.6297607421875
4057,1.629638671875
4058,1.6295166015625
4059,1.62939453125
4060,1.6292724609375
4061,1.629150390625
4062,1.6290283203125
4063,1.62890625
4064,1.6287841796875
4065,1.628662109375
4066,1.6285400390625
4067,1.62841796875
4068,1.6282958984375
4069,1.628173828125
4070,1.6280517578125
4071,1.6279296875
4072,1.6278076171875
4073,1.627685546875
4074,1.6275634765625
4075,1.62744140625
4076,1.6273193359375
4077,1.627197265625
4078,1.6270751953125
4079,1.626953125
4080,1.6268310546875
4081,1.626708984375
4082,1.6265869140625
4083,1.62646484375
4084,1.6263427734375
4085,1.626220703125
4086,1.6260986328125
4087,1.6259765625
4088,1.6258544921875
4089,1.625732421875
4090,1.6256103515625
4091,1.62548828125
4092,1.6253662109375
4093,1.625244140625
4094,1.6251220703125
4095,1.1875
4096,1.1888427734375
4097,1.190185546875
4098,1.19140625
4099,1.192626953125
4100,1.1937255859375
4101,1.19482421875
4102,1.1959228515625
4103,1.197021484375
4104,1.197998046875
4105,1.198974609375
4106,1.199951171875
4107,1.200927734375
4108,1.201904296875
4109,1.202880859375
4110,1.203857421875
4111,1.204833984375
4112,1.2056884765625
4113,1.20654296875
4114,1.2073974609375
4115,1.208251953125
4116,1.2091064453125
4117,1.2099609375
4118,1.2108154296875
4119,1.211669921875
4120,1.2125244140625
4121,1.21337890625
4122,1.2142333984375
4123,1.215087890625
4124,1.2159423828125
4125,1.216796875
4126,1.2176513671875
4127,1.218505859375
4128,1.21923828125
4129,1.219970703125
4130,1.220703125
4131,1.221435546875
4132,1.22216796875
4133,1.222900390625
4134,1.2236328125
4135,1.224365234375
4136,1.22509765625
4137,1.225830078125
4138,1.2265625
4139,1.227294921875
4140,1.22802734375
4141,1.228759765625
4142,1.2294921875
4143,1.230224609375
4144,1.23095703125
4145,1.231689453125
4146,1.232421875
4147,1.233154296875
4148,1.23388671875
4149,1.234619140625
4150,1.2353515625
4151,1.236083984375
4152,1.23681640625
4153,1.237548828125
4154,1.23828125
4155,1.239013671875
4156,1.23974609375
4157,1.240478515625
4158,1.2412109375
4159,1.241943359375
4160,1.2425537109375
4161,1.2431640625
4162,1.2437744140625
4163,1.244384765625
4164,1.2449951171875
4165,1.24560546875
4166,1.2462158203125
4167,1.246826171875
4168,1.2474365234375
4169,1.248046875
4170,1.2486572265625
4171,1.249267578125
4172,1.2498779296875
4173,1.25048828125
4174,1.2510986328125
4175,1.251708984375
4176,1.2523193359375
4177,1.2529296875
4178,1.2535400390625
4179,1.254150390625
4180,1.2547607421875
4181,1.25537109375
4182,1.2559814453125
4183,1.256591796875
4184,1.2572021484375
4185,1.2578125
4186,1.2584228515625
4187,1.259033203125
4188,1.2596435546875
4189,1.26025390625
4190,1.2608642578125
4191,1.261474609375
4192,1.2620849609375
4193,1.2626953125
4194,1.2633056640625
4195,1.263916015625
4196,1.2645263671875
4197,1.26513671875
4198,1.2657470703125
4199,1.266357421875
4200,1.2669677734375
4201,1.267578125
4202,1.2681884765625
4203,1.268798828125
4204,1.2694091796875
4205,1.27001953125
4206,1.2706298828125
4207,1.271240234375
4208,1.2718505859375
4209,1.2724609375
4210,1.2730712890625
4211,1.273681640625
4212,1.2742919921875
4213,1.27490234375
4214,1.2755126953125
4215,1.276123046875
4216,1.2767333984375
4217,1.27734375
4218,1.2779541015625
4219,1.278564453125
4220,1.2791748046875
4221,1.27978515625
4222,1.2803955078125
4223,1.281005859375
4224,1.281494140625
4225,1.281982421875
4226,1.282470703125
4227,1.282958984375
4228,1.283447265625
4229,1.283935546875
4230,1.284423828125
4231,1.284912109375
4232,1.285400390625
4233,1.285888671875
4234,1.286376953125
4235,1.286865234375
4236,1.287353515625
4237,1.287841796875
4238,1.288330078125
4239,1.288818359375
4240,1.289306640625
4241,1.289794921875
4242,1.290283203125
4243,1.290771484375
4244,1.291259765625
4245,1.291748046875
4246,1.292236328125
4247,1.292724609375
4248,1.293212890625
4249,1.293701171875
4250,1.294189453125
4251,1.294677734375
4252,1.295166015625
4253,1.295654296875
4254,1.296142578125
4255,1.296630859375
4256,1.297119140625
4257,1.297607421875
4258,1.298095703125
4259,1.298583984375
4260,1.299072265625
4261,1.299560546875
4262,1.300048828125
4263,1.300537109375
4264,1.301025390625
4265,1.301513671875
4266,1.302001953125
4267,1.302490234375
4268,1.302978515625
4269,1.303466796875
4270,1.303955078125
4271,1.304443359375
4272,1.304931640625
4273,1.305419921875
4274,1.305908203125
4275,1.306396484375
4276,1.306884765625
4277,1.307373046875
4278,1.307861328125
4279,1.308349609375
4280,1.308837890625
4281,1.309326171875
4282,1.309814453125
4283,1.310302734375
4284,1.310791015625
4285,1.311279296875
4286,1.311767578125
4287,1.312255859375
4288,1.312744140625
4289,1.313232421875
4290,1.313720703125
4291,1.314208984375
4292,1.314697265625
4293,1.315185546875
4294,1.315673828125
4295,1.316162109375
4296,1.316650390625
4297,1.317138671875
4298,1.317626953125
4299,1.318115234375
4300,1.318603515625
4301,1.319091796875
4302,1.319580078125
4303,1.320068359375
4304,1.320556640625
4305,1.321044921875
4306,1.321533203125
4307,1.322021484375
4308,1.322509765625
4309,1.322998046875
4310,1.323486328125
4311,1.323974609375
4312,1.324462890625
4313,1.324951171875
4314,1.325439453125
4315,1.325927734375
4316,1.326416015625
4317,1.326904296875
4318,1.327392578125
4319,1.327880859375
4320,1.328369140625
4321,1.328857421875
4322,1.329345703125
4323,1.329833984375
4324,1.330322265625
4325,1.330810546875
4326,1.331298828125
4327,1.331787109375
4328,1.332275390625
4329,1.332763671875
4330,1.333251953125
4331,1.333740234375
4332,1.334228515625
4333,1.334716796875
4334,1.335205078125
4335,1.335693359375
4336,1.336181640625
4337,1.336669921875
4338,1.337158203125
4339,1.337646484375
4340,1.338134765625
4341,1.338623046875
4342,1.339111328125
4343,1.339599609375
4344,1.340087890625
4345,1.340576171875
4346,1.341064453125
4347,1.341552734375
4348,1.342041015625
4349,1.342529296875
4350,1.343017578125
4351,1.343505859375
4352,1.3438720703125
4353,1.34423828125
4354,1.3446044921875
4355,1.344970703125
4356,1.3453369140625
4357,1.345703125
4358,1.3460693359375
4359,1.346435546875
4360,1.3468017578125
4361,1.34716796875
4362,1.3475341796875
4363,1.347900390625
4364,1.3482666015625
4365,1.3486328125
4366,1.3489990234375
4367,1.349365234375
4368,1.3497314453125
4369,1.35009765625
4370,1.3504638671875
4371,1.350830078125
4372,1.3511962890625
4373,1.3515625
4374,1.3519287109375
4375,1.352294921875
4376,1.3526611328125
4377,1.35302734375
4378,1.3533935546875
4379,1.353759765625
4380,1.3541259765625
4381,1.3544921875
4382,1.3548583984375
4383,1.355224609375
4384,1.3555908203125
4385,1.35595703125
4386,1.3563232421875
4387,1.356689453125
4388,1.3570556640625
4389,1.357421875
4390,1.3577880859375
4391,1.358154296875
4392,1.3585205078125
4393,1.35888671875
4394,1.3592529296875
4395,1.359619140625
4396,1.3599853515625
4397,1.3603515625
4398,1.3607177734375
4399,1.361083984375
4400,1.3614501953125
4401,1.36181640625
4402,1.3621826171875
4403,1.362548828125
4404,1.3629150390625
4405,1.36328125
4406,1.3636474609375
4407,1.364013671875
4408,1.3643798828125
4409,1.36474609375
4410,1.3651123046875
4411,1.365478515625
4412,1.3658447265625
4413,1.3662109375
4414,1.3665771484375
4415,1.366943359375
4416,1.3673095703125
4417,1.36767578125
4418,1.3680419921875
4419,1.368408203125
4420,1.3687744140625
4421,1.369140625
4422,1.3695068359375
4423,1.369873046875
4424,1.3702392578125
4425,1.37060546875
4426,1.3709716796875
4427,1.371337890625
4428,1.3717041015625
4429,1.3720703125
4430,1.3724365234375
4431,1.372802734375
4432,1.3731689453125
4433,1.37353515625
4434,1.3739013671875
4435,1.374267578125
4436,1.3746337890625
4437,1.375
4438,1.3753662109375
4439,1.375732421875
4440,1.3760986328125
4441,1.37646484375
4442,1.3768310546875
4443,1.377197265625
4444,1.3775634765625
4445,1.3779296875
4446,1.3782958984375
4447,1.378662109375
4448,1.3790283203125
4449,1.37939453125
4450,1.3797607421875
4451,1.380126953125
4452,1.3804931640625
4453,1.380859375
4454,1.3812255859375
4455,1.381591796875
4456,1.3819580078125
4457,1.38232421875
4458,1.3826904296875
4459,1.383056640625
4460,1.3834228515625
4461,1.3837890625
4462,1.3841552734375
4463,1.384521484375
4464,1.3848876953125
4465,1.38525390625
4466,1.3856201171875
4467,1.385986328125
4468,1.3863525390625
4469,1.38671875
4470,1.3870849609375
4471,1.387451171875
4472,1.3878173828125
4473,1.38818359375
4474,1.3885498046875
4475,1.388916015625
4476,1.3892822265625
4477,1.3896484375
4478,1.3900146484375
4479,1.390380859375
4480,1.3907470703125
4481,1.39111328125
4482,1.3914794921875
4483,1.391845703125
4484,1.3922119140625
4485,1.392578125
4486,1.3929443359375
4487,1.393310546875
4488,1.3936767578125
4489,1.39404296875
4490,1.3944091796875
4491,1.394775390625
4492,1.3951416015625
4493,1.3955078125
4494,1.3958740234375
4495,1.396240234375
4496,1.3966064453125
4497,1.39697265625
4498,1.3973388671875
4499,1.397705078125
4500,1.3980712890625
4501,1.3984375
4502,1.3988037109375
4503,1.399169921875
4504,1.3995361328125
4505,1.39990234375
4506,1.4002685546875
4507,1.400634765625
4508,1.4010009765625
4509,1.4013671875
4510,1.4017333984375
4511,1.402099609375
4512,1.4024658203125
4513,1.40283203125
4514,1.4031982421875
4515,1.403564453125
4516,1.4039306640625
4517,1.404296875
4518,1.4046630859375
4519,1.405029296875
4520,1.4053955078125
4521,1.40576171875
4522,1.4061279296875
4523,1.406494140625
4524,1.4068603515625
4525,1.4072265625
4526,1.4075927734375
4527,1.407958984375
4528,1.4083251953125
4529,1.40869140625
4530,1.4090576171875
4531,1.409423828125
4532,1.4097900390625
4533,1.41015625
4534,1.4105224609375
4535,1.410888671875
4536,1.4112548828125
4537,1.41162109375
4538,1.4119873046875
4539,1.412353515625
4540,1.4127197265625
4541,1.4130859375
4542,1.4134521484375
4543,1.413818359375
4544,1.4141845703125
4545,1.41455078125
4546,1.4149169921875
4547,1.415283203125
4548,1.4156494140625
4549,1.416015625
4550,1.4163818359375
4551,1.416748046875
4552,1.4171142578125
4553,1.41748046875
4554,1.4178466796875
4555,1.418212890625
4556,1.4185791015625
4557,1.4189453125
4558,1.4193115234375
4559,1.419677734375
4560,1.4200439453125
4561,1.42041015625
4562,1.4207763671875
4563,1.421142578125
4564,1.4215087890625
4565,1.421875
4566,1.4222412109375
4567,1.422607421875
4568,1.4229736328125
4569,1.42333984375
4570,1.4237060546875
4571,1.424072265625
4572,1.4244384765625
4573,1.4248046875
4574,1.4251708984375
4575,1.425537109375
4576,1.4259033203125
4577,1.42626953125
4578,1.4266357421875
4579,1.427001953125
4580,1.4273681640625
4581,1.427734375
4582,1.4281005859375
4583,1.428466796875
4584,1.4288330078125
4585,1.42919921875
4586,1.4295654296875
4587,1.429931640625
4588,1.4302978515625
4589,1.4306640625
4590,1.4310302734375
4591,1.431396484375
4592,1.4317626953125
4593,1.43212890625
4594,1.4324951171875
4595,1.432861328125
4596,1.4332275390625
4597,1.43359375
4598,1.4339599609375
4599,1.434326171875
4600,1.4346923828125
4601,1.43505859375
4602,1.4354248046875
4603,1.435791015625
4604,1.4361572265625
4605,1.4365234375
4606,1.4368896484375
4607,1.437255859375
4608,1.4375
4609,1.437744140625
4610,1.43798828125
4611,1.438232421875
4612,1.4384765625
4613,1.438720703125
4614,1.43896484375
4615,1.439208984375
4616,1.439453125
4617,1.439697265625
4618,1.43994140625
4619,1.440185546875
4620,1.4404296875
4621,1.440673828125
4622,1.44091796875
4623,1.441162109375
4624,1.44140625
4625,1.441650390625
4626,1.44189453125
4627,1.442138671875
4628,1.4423828125
4629,1.442626953125
4630,1.44287109375
4631,1.443115234375
4632,1.443359375
4633,1.443603515625
4634,1.44384765625
4635,1.444091796875
4636,1.4443359375
4637,1.444580078125
4638,1.44482421875
4639,1.445068359375
4640,1.4453125
4641,1.445556640625
4642,1.44580078125
4643,1.446044921875
4644,1.4462890625
4645,1.446533203125
4646,1.44677734375
4647,1.447021484375
4648,1.447265625
4649,1.447509765625
4650,1.44775390625
4651,1.447998046875
4652,1.4482421875
4653,1.448486328125
4654,1.44873046875
4655,1.448974609375
4656,1.44921875
4657,1.449462890625
4658,1.44970703125
4659,1.449951171875
4660,1.4501953125
4661,1.450439453125
4662,1.45068359375
4663,1.450927734375
4664,1.451171875
4665,1.451416015625
4666,1.45166015625
4667,1.451904296875
4668,1.4521484375
4669,1.452392578125
4670,1.45263671875
4671,1.452880859375
4672,1.453125
4673,1.453369140625
4674,1.45361328125
4675,1.453857421875
4676,1.4541015625
4677,1.454345703125
4678,1.45458984375
4679,1.454833984375
4680,1.455078125
4681,1.455322265625
4682,1.45556640625
4683,1.455810546875
4684,1.4560546875
4685,1.456298828125
4686,1.45654296875
4687,1.456787109375
4688,1.45703125
4689,1.457275390625
4690,1.45751953125
4691,1.457763671875
4692,1.4580078125
4693,1.458251953125
4694,1.45849609375
4695,1.458740234375
4696,1.458984375
4697,1.459228515625
4698,1.45947265625
4699,1.459716796875
4700,1.4599609375
4701,1.460205078125
4702,1.46044921875
4703,1.460693359375
4704,1.4609375
4705,1.461181640625
4706,1.46142578125
4707,1.461669921875
4708,1.4619140625
4709,1.462158203125
4710,1.46240234375
4711,1.462646484375
4712,1.462890625
4713,1.463134765625
4714,1.46337890625
4715,1.463623046875
4716,1.4638671875
4717,1.464111328125
4718,1.46435546875
4719,1.464599609375
4720,1.46484375
4721,1.465087890625
4722,1.46533203125
4723,1.465576171875
4724,1.4658203125
4725,1.466064453125
4726,1.46630859375
4727,1.466552734375
4728,1.466796875
4729,1.467041015625
4730,1.46728515625
4731,1.467529296875
4732,1.4677734375
4733,1.468017578125
4734,1.46826171875
4735,1.468505859375
4736,1.46875
4737,1.468994140625
4738,1.46923828125
4739,1.469482421875
4740,1.4697265625
4741,1.469970703125
4742,1.47021484375
4743,1.470458984375
4744,1.470703125
4745,1.470947265625
4746,1.47119140625
4747,1.471435546875
4748,1.4716796875
4749,1.471923828125
4750,1.47216796875
4751,1.472412109375
4752,1.47265625
4753,1.472900390625
4754,1.47314453125
4755,1.473388671875
4756,1.4736328125
4757,1.473876953125
4758,1.47412109375
4759,1.474365234375
4760,1.474609375
4761,1.474853515625
4762,1.47509765625
4763,1.475341796875
4764,1.4755859375
4765,1.475830078125
4766,1.47607421875
4767,1.476318359375
4768,1.4765625
4769,1.476806640625
4770,1.47705078125
4771,1.477294921875
4772,1.4775390625
4773,1.477783203125
4774,1.47802734375
4775,1.478271484375
4776,1.478515625
4777,1.478759765625
4778,1.47900390625
4779,1.479248046875
4780,1.4794921875
4781,1.479736328125
4782,1.47998046875
4783,1.480224609375
4784,1.48046875
4785,1.480712890625
4786,1.48095703125
4787,1.481201171875
4788,1.4814453125
4789,1.481689453125
4790,1.48193359375
4791,1.482177734375
4792,1.482421875
4793,1.482666015625
4794,1.48291015625
4795,1.483154296875
4796,1.4833984375
4797,1.483642578125
4798,1.48388671875
4799,1.484130859375
4800,1.484375
4801,1.484619140625
4802,1.48486328125
4803,1.485107421875
4804,1.4853515625
4805,1.485595703125
4806,1.48583984375
4807,1.486083984375
4808,1.486328125
4809,1.486572265625
4810,1.48681640625
4811,1.487060546875
4812,1.4873046875
4813,1.487548828125
4814,1.48779296875
4815,1.488037109375
4816,1.48828125
4817,1.488525390625
4818,1.48876953125
4819,1.489013671875
4820,1.4892578125
4821,1.489501953125
4822,1.48974609375
4823,1.489990234375
4824,1.490234375
4825,1.490478515625
4826,1.49072265625
4827,1.490966796875
4828,1.4912109375
4829,1.491455078125
4830,1.49169921875
4831,1.491943359375
4832,1.4921875
4833,1.492431640625
4834,1.49267578125
4835,1.492919921875
4836,1.4931640625
4837,1.493408203125
4838,1.49365234375
4839,1.493896484375
4840,1.494140625
4841,1.494384765625
4842,1.49462890625
4843,1.494873046875
4844,1.4951171875
4845,1.495361328125
4846,1.49560546875
4847,1.495849609375
4848,1.49609375
4849,1.496337890625
4850,1.49658203125
4851,1.496826171875
4852,1.4970703125
4853,1.497314453125
4854,1.49755859375
4855,1.497802734375
4856,1.498046875
4857,1.498291015625
4858,1.49853515625
4859,1.498779296875
4860,1.4990234375
4861,1.499267578125
4862,1.49951171875
4863,1.499755859375
4864,1.5
4865,1.500244140625
4866,1.50048828125
4867,1.500732421875
4868,1.5009765625
4869,1.501220703125
4870,1.50146484375
4871,1.501708984375
4872,1.501953125
4873,1.502197265625
4874,1.50244140625
4875,1.502685546875
4876,1.5029296875
4877,1.503173828125
4878,1.50341796875
4879,1.503662109375
4880,1.50390625
4881,1.504150390625
4882,1.50439453125
4883,1.504638671875
4884,1.5048828125
4885,1.505126953125
4886,1.50537109375
4887,1.505615234375
4888,1.505859375
4889,1.506103515625
4890,1.50634765625
4891,1.506591796875
4892,1.5068359375
4893,1.507080078125
4894,1.50732421875
4895,1.507568359375
4896,1.5078125
4897,1.508056640625
4898,1.50830078125
4899,1.508544921875
4900,1.5087890625
4901,1.509033203125
4902,1.50927734375
4903,1.509521484375
4904,1.509765625
4905,1.510009765625
4906,1.51025390625
4907,1.510498046875
4908,1.5107421875
4909,1.510986328125
4910,1.51123046875
4911,1.511474609375
4912,1.51171875
4913,1.511962890625
4914,1.51220703125
4915,1.512451171875
4916,1.5126953125
4917,1.512939453125
4918,1.51318359375
4919,1.513427734375
4920,1.513671875
4921,1.513916015625
4922,1.51416015625
4923,1.514404296875
4924,1.5146484375
4925,1.514892578125
4926,1.51513671875
4927,1.515380859375
4928,1.515625
4929,1.515869140625
4930,1.51611328125
4931,1.516357421875
4932,1.5166015625
4933,1.516845703125
4934,1.51708984375
4935,1.517333984375
4936,1.517578125
4937,1.517822265625
4938,1.51806640625
4939,1.518310546875
4940,1.5185546875
4941,1.518798828125
4942,1.51904296875
4943,1.519287109375
4944,1.51953125
4945,1.519775390625
4946,1.52001953125
4947,1.520263671875
4948,1.5205078125
4949,1.520751953125
4950,1.52099609375
4951,1.521240234375
4952,1.521484375
4953,1.521728515625
4954,1.52197265625
4955,1.522216796875
4956,1.5224609375
4957,1.522705078125
4958,1.52294921875
4959,1.523193359375
4960,1.5234375
4961,1.523681640625
4962,1.52392578125
4963,1.524169921875
4964,1.5244140625
4965,1.524658203125
4966,1.52490234375
4967,1.525146484375
4968,1.525390625
4969,1.525634765625
4970,1.52587890625
4971,1.526123046875
4972,1.5263671875
4973,1.526611328125
4974,1.52685546875
4975,1.527099609375
4976,1.52734375
4977,1.527587890625
4978,1.52783203125
4979,1.528076171875
4980,1.5283203125
4981,1.528564453125
4982,1.52880859375
4983,1.529052734375
4984,1.529296875
4985,1.529541015625
4986,1.52978515625
4987,1.530029296875
4988,1.5302734375
4989,1.530517578125
4990,1.53076171875
4991,1.531005859375
4992,1.53125
4993,1.531494140625
4994,1.53173828125
4995,1.531982421875
4996,1.5322265625
4997,1.532470703125
4998,1.53271484375
4999,1.532958984375
